"Row ID","Order ID","Order Date","Ship Date","Customer Name","Segment","Country","City","State","Postal Code","Region","Category","Sub-Category","Product Name","Sales","Quantity","Discount","Profit"
617,"CA-2021-1308","2021-01-03","2021-01-05","Tracy Blumstein","Consumer","United States","Worcester","Massachusetts","23334","East","Office Supplies","Binders","Fellowes Binding Combs 3/8in",126.17,2,0.0,56.54
265,"CA-2021-1132","2021-01-13","2021-01-19","Andrew Allen","Consumer","United States","San Diego","California","59992","West","Technology","Phones","Samsung Galaxy S23 Ultra 512GB",2698.38,5,0.2,142.43
600,"CA-2021-1299","2021-01-17","2021-01-21","Linda Cazamias","Corporate","United States","Greensboro","North Carolina","97337","South","Furniture","Chairs","Herman Miller Aeron Ergonomic Office Chair",3090.19,5,0.1,690.08
1107,"CA-2021-1553","2021-01-18","2021-01-22","Alejandro Grove","Corporate","United States","Charlotte","North Carolina","18653","South","Technology","Accessories","SanDisk Ultra 128GB MicroSDXC UHS-I",1194.39,6,0.2,153.02
572,"CA-2021-1285","2021-01-19","2021-01-24","Erin Smith","Corporate","United States","Paterson","New Jersey","88496","East","Office Supplies","Paper","Southworth 25% Cotton Resume Paper",65.11,5,0.0,26.89
18,"CA-2021-1008","2021-01-20","2021-01-26","Harold Pawlan","Consumer","United States","Austin","Texas","90173","Central","Furniture","Chairs","Steelcase Gesture Ergonomic Office Chair",1041.69,5,0.2,125.94
172,"CA-2021-1085","2021-01-20","2021-01-23","Valerie Mitchum","Home Office","United States","Knoxville","Tennessee","48284","South","Office Supplies","Fasteners","OIC Steel Paper Clips",113.59,8,0.0,44.65
674,"CA-2021-1336","2021-01-20","2021-01-25","Arthur Prichep","Consumer","United States","Miami","Florida","23106","South","Furniture","Tables","Chromcraft Bull-Nose Wood Oval Conference Tables",3975.86,9,0.2,-370.25
273,"CA-2021-1136","2021-01-22","2021-01-28","Ken Lonsdale","Home Office","United States","Newark","New Jersey","40375","East","Furniture","Chairs","Harbour Creations Executive Chair",4521.57,8,0.3,-738.57
159,"CA-2021-1079","2021-01-26","2021-01-31","Tom Prescott","Home Office","United States","Cincinnati","Ohio","18292","East","Furniture","Furnishings","Seth Thomas Executive Wall Clock",140.68,3,0.0,34.94
555,"CA-2021-1277","2021-01-27","2021-01-31","Carlos Soltero","Consumer","United States","Knoxville","Tennessee","15089","South","Office Supplies","Fasteners","OIC Steel Paper Clips",181.16,5,0.1,59.92
131,"CA-2021-1065","2021-01-29","2021-02-02","Denny Ward","Consumer","United States","Allentown","Pennsylvania","34219","East","Technology","Machines","Epson WorkForce Pro WF-C5790",6241.61,9,0.0,1311.52
750,"CA-2021-1374","2021-01-29","2021-02-02","Linda Cazamias","Corporate","United States","Norfolk","Virginia","20154","South","Office Supplies","Appliances","Hamilton Beach Commercial Toaster",2681.87,7,0.1,574.95
759,"CA-2021-1379","2021-01-30","2021-02-04","Anthony Jacobs","Corporate","United States","San Francisco","California","89761","West","Technology","Accessories","SanDisk Ultra 128GB MicroSDXC UHS-I",238.74,5,0.1,57.43
546,"CA-2021-1272","2021-01-31","2021-02-04","Claire Gute","Consumer","United States","Charlotte","North Carolina","49522","South","Technology","Copiers","Canon imageCLASS MF743Cdw All-in-One",4723.36,6,0.1,2009.1
473,"CA-2021-1236","2021-02-02","2021-02-05","Darrin Van Huff","Corporate","United States","Pittsburgh","Pennsylvania","12859","East","Technology","Accessories","Logitech Wireless Gaming Headset G930",801.96,5,0.2,72.4
669,"CA-2021-1334","2021-02-03","2021-02-06","Steve Nguyen","Home Office","United States","Columbus","Georgia","76574","South","Furniture","Bookcases","Riverside Palais Royal Lawyers Bookcase",792.72,7,0.35,-217.56
957,"CA-2021-1478","2021-02-05","2021-02-08","Harry Marie","Corporate","United States","San Diego","California","79947","West","Furniture","Bookcases","Atlantic Magazine Storage Shelf Rack",2802.2,9,0.15,211.04
434,"CA-2021-1216","2021-02-06","2021-02-08","Pauline Chand","Consumer","United States","Eugene","Oregon","31514","West","Office Supplies","Fasteners","OIC Steel Paper Clips",55.83,8,0.0,17.61
1043,"CA-2021-1521","2021-02-06","2021-02-09","Brosina Hoffman","Consumer","United States","Cambridge","Massachusetts","37899","East","Office Supplies","Art","Newell 322",94.29,7,0.0,35.0
508,"CA-2021-1253","2021-02-10","2021-02-14","Emily Phan","Home Office","United States","Dallas","Texas","10935","Central","Office Supplies","Appliances","Avanti Single-Door Compact Refrigerator",1180.58,5,0.1,277.47
84,"CA-2021-1041","2021-02-12","2021-02-15","Sonia Cooley","Consumer","United States","Aurora","Illinois","54500","Central","Furniture","Chairs","Global High Back Tilter Chair",2893.93,7,0.2,128.08
1060,"CA-2021-1529","2021-02-16","2021-02-22","Ken Lonsdale","Corporate","United States","Seattle","Washington","56907","West","Furniture","Furnishings","Seth Thomas Executive Wall Clock",204.7,2,0.1,61.81
24,"CA-2021-1011","2021-02-18","2021-02-23","Odella Nelson","Corporate","United States","Orem","Utah","33405","West","Technology","Machines","Star Micronics TSP143III Receipt Printer",6850.01,6,0.2,-279.98
933,"CA-2021-1466","2021-02-18","2021-02-22","Craig Carreira","Consumer","United States","Mesa","Arizona","65345","West","Office Supplies","Envelopes","Self-Seal White Catalog Envelopes #10",173.89,7,0.2,29.52
907,"CA-2021-1453","2021-02-22","2021-02-26","Mick Brown","Home Office","United States","Orem","Utah","18372","West","Technology","Phones","Polycom SoundPoint Pro SE-225 Phone",604.75,1,0.2,80.92
338,"CA-2021-1168","2021-03-02","2021-03-07","Anthony Jacobs","Corporate","United States","Dallas","Texas","89377","Central","Furniture","Chairs","Herman Miller Aeron Ergonomic Office Chair",546.97,1,0.2,44.9
1053,"CA-2021-1526","2021-03-03","2021-03-06","Mick Brown","Consumer","United States","Lafayette","Indiana","55182","Central","Furniture","Furnishings","DAX Clear Document Frame",157.38,2,0.2,13.55
507,"CA-2021-1253","2021-03-05","2021-03-10","Ken Lonsdale","Corporate","United States","Milwaukee","Wisconsin","39035","Central","Technology","Phones","Mitel 5320 IP Phone",4074.69,8,0.0,932.89
173,"CA-2021-1086","2021-03-08","2021-03-14","Linda Cazamias","Corporate","United States","Norfolk","Virginia","67850","South","Furniture","Bookcases","Riverside Palais Royal Lawyers Bookcase",3493.34,9,0.0,585.8
348,"CA-2021-1173","2021-03-08","2021-03-14","Ruben Dartt","Consumer","United States","Los Angeles","California","85010","West","Office Supplies","Paper","Xerox 205 Premium Multipurpose Paper",154.44,5,0.2,42.14
323,"CA-2021-1161","2021-03-12","2021-03-18","Darrin Van Huff","Corporate","United States","Aurora","Illinois","82569","Central","Furniture","Chairs","Steelcase Gesture Ergonomic Office Chair",552.05,1,0.2,77.33
354,"CA-2021-1176","2021-03-14","2021-03-19","Zuschuss Donatelli","Consumer","United States","Madison","Wisconsin","37297","Central","Technology","Phones","Polycom SoundPoint Pro SE-225 Phone",3227.3,5,0.0,973.77
702,"CA-2021-1350","2021-03-14","2021-03-17","Raymond Buch","Consumer","United States","Atlanta","Georgia","82416","South","Furniture","Bookcases","Bush Somerset Collection Bookcase",1147.86,4,0.0,266.12
53,"CA-2021-1026","2021-03-17","2021-03-21","Gene Hale","Corporate","United States","Richmond","Virginia","91973","South","Technology","Machines","Epson WorkForce Pro WF-C5790",315.06,1,0.4,-102.78
919,"CA-2021-1459","2021-03-18","2021-03-23","Anthony Jacobs","Consumer","United States","San Diego","California","34650","West","Technology","Copiers","Sharp AL-1530CS Digital Copier",8653.2,4,0.0,3060.31
768,"CA-2021-1383","2021-03-24","2021-03-27","Justin Deggeller","Corporate","United States","Eugene","Oregon","78692","West","Office Supplies","Fasteners","Staples Box Binder Clips",79.61,3,0.2,26.32
838,"CA-2021-1418","2021-03-25","2021-03-29","Pete Kriz","Consumer","United States","Richmond","Virginia","41626","South","Technology","Machines","HP DesignJet Large-Format Color Plotter",2967.7,4,0.2,-136.2
947,"CA-2021-1473","2021-03-26","2021-03-30","Harold Pawlan","Home Office","United States","Houston","Texas","24605","Central","Technology","Machines","Zebra GX430t Thermal Direct Desktop Printer",1369.57,1,0.0,321.83
464,"CA-2021-1231","2021-03-31","2021-04-05","Erin Smith","Corporate","United States","Philadelphia","Pennsylvania","59989","East","Technology","Copiers","Canon imageRUNNER ADVANCE C5535i Copier",1651.57,1,0.2,479.11
545,"CA-2021-1272","2021-04-01","2021-04-03","Erin Smith","Corporate","United States","Columbus","Ohio","32756","East","Technology","Machines","Epson WorkForce Pro WF-C5790",926.22,2,0.2,-39.5
118,"CA-2021-1058","2021-04-03","2021-04-09","Sanjit Chand","Home Office","United States","Aurora","Illinois","26864","Central","Technology","Machines","Star Micronics TSP143III Receipt Printer",6451.87,5,0.0,1570.94
235,"CA-2021-1117","2021-04-04","2021-04-08","Barry Pond","Corporate","United States","Green Bay","Wisconsin","12506","Central","Furniture","Tables","BPI Wood Laminate Conference Table 96x42",2392.77,6,0.45,-1668.46
511,"CA-2021-1255","2021-04-07","2021-04-12","Kelly Lampkin","Corporate","United States","Portland","Oregon","19757","West","Office Supplies","Art","Sanford Liquid Accent Highlighters",53.52,1,0.1,13.39
1036,"CA-2021-1517","2021-04-09","2021-04-12","Matt Abelman","Home Office","United States","Newark","New Jersey","20071","East","Furniture","Furnishings","DAX Clear Document Frame",95.68,4,0.0,26.14
36,"CA-2021-1017","2021-04-13","2021-04-17","Eric Hoffmann","Consumer","United States","Madison","Wisconsin","39389","Central","Office Supplies","Storage","Fellowes Bankers Box Stor/Drawer Steel Plus",331.26,8,0.1,60.63
1020,"CA-2021-1509","2021-04-14","2021-04-20","Kelly Lampkin","Corporate","United States","Cincinnati","Ohio","27849","East","Furniture","Tables","Boxer Modern Wood End Table 2-Pack",1194.64,9,0.5,-1012.78
375,"CA-2021-1187","2021-04-16","2021-04-20","Maria Etezadi","Home Office","United States","Milwaukee","Wisconsin","11861","Central","Furniture","Bookcases","Riverside Palais Royal Lawyers Bookcase",585.55,5,0.2,-31.82
851,"CA-2021-1425","2021-04-19","2021-04-24","Carlos Soltero","Consumer","United States","Seattle","Washington","18359","West","Technology","Machines","Star Micronics TSP143III Receipt Printer",1237.51,1,0.1,167.06
628,"CA-2021-1313","2021-04-22","2021-04-27","Emily Phan","Consumer","United States","San Diego","California","37775","West","Technology","Copiers","Canon ImageCLASS 2200 Advanced Copier",5119.01,4,0.0,2207.5
995,"CA-2021-1497","2021-04-23","2021-04-26","Hunter Lopez","Consumer","United States","Raleigh","North Carolina","63329","South","Office Supplies","Fasteners","Staples Box Binder Clips",225.07,9,0.0,85.45
326,"CA-2021-1162","2021-04-25","2021-04-29","Patrick O'Donnell","Consumer","United States","Nashville","Tennessee","52838","South","Furniture","Bookcases","Atlantic Magazine Storage Shelf Rack",175.67,1,0.15,-5.1
758,"CA-2021-1378","2021-04-25","2021-04-27","Erin Smith","Home Office","United States","Fort Worth","Texas","77677","Central","Technology","Phones","Samsung Galaxy S23 Ultra 512GB",4743.44,6,0.1,660.82
1103,"CA-2021-1551","2021-04-27","2021-04-30","Claire Gute","Consumer","United States","Fort Lauderdale","Florida","29895","South","Technology","Machines","Bady Automated Thermal Label Printer",853.6,2,0.1,54.31
623,"CA-2021-1311","2021-05-03","2021-05-07","Tom Prescott","Consumer","United States","Milwaukee","Wisconsin","25366","Central","Technology","Machines","Zebra GX430t Thermal Direct Desktop Printer",4656.19,4,0.1,302.03
137,"CA-2021-1068","2021-05-04","2021-05-06","Roy Skaria","Corporate","United States","Allentown","Pennsylvania","59236","East","Technology","Machines","HP DesignJet Large-Format Color Plotter",3520.63,7,0.4,-659.72
501,"CA-2021-1250","2021-05-05","2021-05-11","Anthony Jacobs","Consumer","United States","Louisville","Kentucky","49926","South","Furniture","Tables","Boxer Modern Wood End Table 2-Pack",521.39,2,0.3,-144.89
904,"CA-2021-1451","2021-05-05","2021-05-08","Bill Stewart","Corporate","United States","San Antonio","Texas","95411","Central","Office Supplies","Labels","Avery File Folder Labels",81.17,5,0.0,27.54
1101,"CA-2021-1550","2021-05-05","2021-05-07","Emily Phan","Corporate","United States","Paterson","New Jersey","37531","East","Furniture","Tables","Bretford CR4500 Series Slim Rectangular Table",1380.32,8,0.3,-328.28
485,"CA-2021-1242","2021-05-06","2021-05-08","Zuschuss Carroll","Consumer","United States","Columbus","Ohio","51116","East","Technology","Copiers","Sharp AL-1530CS Digital Copier",16140.82,7,0.0,7345.99
823,"CA-2021-1411","2021-05-06","2021-05-09","Maria Etezadi","Home Office","United States","Fort Wayne","Indiana","57850","Central","Furniture","Furnishings","Seth Thomas Executive Wall Clock",340.89,3,0.0,127.41
1015,"CA-2021-1507","2021-05-06","2021-05-09","Sonia Cooley","Consumer","United States","Worcester","Massachusetts","10999","East","Office Supplies","Fasteners","Advantus Push Pins Plastic Head",91.53,2,0.1,21.54
514,"CA-2021-1256","2021-05-07","2021-05-12","Brosina Hoffman","Consumer","United States","Miami","Florida","90911","South","Technology","Phones","Polycom SoundPoint Pro SE-225 Phone",456.44,1,0.0,117.4
274,"CA-2021-1136","2021-05-09","2021-05-12","Sean O'Donnell","Consumer","United States","Madison","Wisconsin","44513","Central","Office Supplies","Labels","Self-Adhesive Address Labels for Laser Printers",64.06,6,0.0,30.34
388,"CA-2021-1193","2021-05-10","2021-05-14","Carlos Soltero","Consumer","United States","Miami","Florida","70079","South","Office Supplies","Labels","Avery File Folder Labels",21.84,1,0.2,3.34
831,"CA-2021-1415","2021-05-10","2021-05-15","Raymond Buch","Home Office","United States","Buffalo","New York","50243","East","Office Supplies","Art","Newell 322",397.78,9,0.0,121.42
1057,"CA-2021-1528","2021-05-16","2021-05-18","Sonia Cooley","Consumer","United States","Provo","Utah","92514","West","Technology","Phones","Apple iPhone 15 Pro Max 256GB",1728.16,6,0.0,451.34
441,"CA-2021-1220","2021-05-18","2021-05-24","Roy Skaria","Corporate","United States","Naperville","Illinois","62730","Central","Office Supplies","Envelopes","Brown Kraft Clasp Envelopes 9x12",261.39,7,0.1,70.48
366,"CA-2021-1182","2021-05-23","2021-05-29","Tom Prescott","Consumer","United States","Green Bay","Wisconsin","29231","Central","Technology","Phones","Mitel 5320 IP Phone",3287.69,4,0.0,1095.09
403,"CA-2021-1201","2021-05-25","2021-05-29","Bill Stewart","Corporate","United States","Lafayette","Indiana","77467","Central","Technology","Accessories","SanDisk Ultra 128GB MicroSDXC UHS-I",336.8,2,0.0,101.16
12,"CA-2021-1005","2021-05-26","2021-05-28","Tracy Blumstein","Consumer","United States","Naperville","Illinois","85525","Central","Furniture","Tables","Bevis Round Conference Table",1399.86,8,0.5,-1222.84
575,"CA-2021-1287","2021-05-28","2021-06-01","Linda Cazamias","Corporate","United States","Cleveland","Ohio","95804","East","Furniture","Chairs","Steelcase Gesture Ergonomic Office Chair",521.41,1,0.3,-15.38
289,"CA-2021-1144","2021-05-29","2021-06-02","Pete Kriz","Consumer","United States","Lafayette","Indiana","99337","Central","Office Supplies","Supplies","Helix Stainless Steel Ruler",340.91,8,0.1,125.57
1168,"CA-2021-1583","2021-05-29","2021-06-02","Arthur Prichep","Consumer","United States","Milwaukee","Wisconsin","21400","Central","Technology","Machines","Epson WorkForce Pro WF-C5790",1131.86,1,0.0,209.98
114,"CA-2021-1056","2021-05-30","2021-06-02","Delfina Latchford","Consumer","United States","Raleigh","North Carolina","27139","South","Technology","Accessories","Dell UltraSharp 32-inch 4K Monitor",925.69,6,0.2,207.25
1172,"CA-2021-1585","2021-06-02","2021-06-06","Sanjit Engle","Consumer","United States","Houston","Texas","67031","Central","Technology","Copiers","Canon imageRUNNER ADVANCE C5535i Copier",9758.29,6,0.0,4637.64
246,"CA-2021-1122","2021-06-03","2021-06-07","Matt Abelman","Home Office","United States","Naperville","Illinois","21536","Central","Furniture","Furnishings","Deflect-o Desk Pad",89.23,4,0.2,8.92
917,"CA-2021-1458","2021-06-05","2021-06-07","Ruben Dartt","Consumer","United States","Salt Lake City","Utah","72456","West","Office Supplies","Supplies","Acme Forged Carbon Steel Scissors",111.13,2,0.0,47.66
190,"CA-2021-1094","2021-06-07","2021-06-13","Lena Creighton","Home Office","United States","Boston","Massachusetts","11610","East","Office Supplies","Art","Sanford Liquid Accent Highlighters",35.12,2,0.0,13.4
964,"CA-2021-1481","2021-06-09","2021-06-13","Chuck Clark","Home Office","United States","Portland","Oregon","29128","West","Office Supplies","Appliances","Cuisinart Microwave Oven w/ Grill",2105.67,5,0.0,508.67
552,"CA-2021-1275","2021-06-10","2021-06-15","Ruben Dartt","Consumer","United States","Newark","New Jersey","45633","East","Technology","Accessories","Dell UltraSharp 32-inch 4K Monitor",794.65,5,0.0,314.01
187,"CA-2021-1093","2021-06-11","2021-06-14","Zuschuss Donatelli","Consumer","United States","Norfolk","Virginia","42044","South","Technology","Phones","Samsung Galaxy S23 Ultra 512GB",5326.8,7,0.0,1741.71
138,"CA-2021-1068","2021-06-14","2021-06-20","Alejandro Grove","Consumer","United States","Chicago","Illinois","12979","Central","Technology","Machines","Star Micronics TSP143III Receipt Printer",3520.29,3,0.0,645.63
886,"CA-2021-1442","2021-06-14","2021-06-16","Alejandro Grove","Consumer","United States","Phoenix","Arizona","59170","West","Office Supplies","Fasteners","Advantus Push Pins Plastic Head",207.21,8,0.0,59.51
525,"CA-2021-1262","2021-06-16","2021-06-22","Andrew Allen","Corporate","United States","Green Bay","Wisconsin","72096","Central","Office Supplies","Paper","Hammermill Premium Laser Print Paper",183.07,6,0.1,56.28
328,"CA-2021-1163","2021-06-19","2021-06-21","Sanjit Chand","Consumer","United States","Eugene","Oregon","83553","West","Technology","Accessories","Keychron Q1 Pro Custom Mechanical Keyboard",1241.99,8,0.0,401.39
655,"CA-2021-1327","2021-06-20","2021-06-23","Steve Nguyen","Home Office","United States","Rochester","New York","42780","East","Technology","Copiers","Sharp AL-1530CS Digital Copier",12330.44,8,0.0,6065.98
622,"CA-2021-1310","2021-06-21","2021-06-26","Bill Stewart","Corporate","United States","Buffalo","New York","24438","East","Office Supplies","Labels","Avery 5160 Easy Peel Address Labels",24.93,1,0.0,9.34
1037,"CA-2021-1518","2021-06-21","2021-06-27","Justin Deggeller","Corporate","United States","Milwaukee","Wisconsin","11398","Central","Office Supplies","Envelopes","Redi-Seal Security Tint Envelopes",401.54,9,0.0,154.55
453,"CA-2021-1226","2021-06-22","2021-06-25","Mick Brown","Consumer","United States","New York City","New York","16525","East","Technology","Accessories","Logitech Wireless Gaming Headset G930",621.02,8,0.0,220.58
888,"CA-2021-1443","2021-06-23","2021-06-27","Chuck Clark","Home Office","United States","Seattle","Washington","21453","West","Furniture","Bookcases","Sauder Heritage Hill 5-Shelf Bookcase",625.95,6,0.15,32.66
940,"CA-2021-1469","2021-06-23","2021-06-26","Tom Prescott","Consumer","United States","Grand Rapids","Michigan","71592","Central","Office Supplies","Supplies","Stabila 24-Inch Magnetic Level",254.99,5,0.0,102.27
883,"CA-2021-1441","2021-06-24","2021-06-26","Sandra Flanagan","Corporate","United States","Charlotte","North Carolina","56492","South","Technology","Accessories","SanDisk Ultra 128GB MicroSDXC UHS-I",587.13,6,0.0,216.6
1024,"CA-2021-1511","2021-06-24","2021-06-27","Harry Marie","Corporate","United States","Columbus","Georgia","51171","South","Technology","Phones","Apple iPhone 14 128GB Midnight",2481.15,3,0.0,603.78
188,"CA-2021-1093","2021-06-26","2021-06-28","Barry Pond","Corporate","United States","Provo","Utah","75065","West","Technology","Accessories","Logitech Wireless Gaming Headset G930",187.2,1,0.0,66.5
414,"CA-2021-1206","2021-06-28","2021-07-03","Emily Phan","Consumer","United States","Orem","Utah","50381","West","Furniture","Furnishings","DAX Clear Document Frame",360.88,7,0.1,60.64
108,"CA-2021-1053","2021-06-29","2021-07-03","Zuschuss Carroll","Consumer","United States","Mesa","Arizona","36342","West","Office Supplies","Storage","Adjustable Heavy-Duty Wire Shelving Unit",858.14,3,0.0,224.02
202,"CA-2021-1100","2021-06-29","2021-07-02","Anthony Jacobs","Home Office","United States","Columbus","Ohio","60905","East","Office Supplies","Appliances","Fellowes Powershred 99Ci Paper Shredder",2657.74,9,0.2,215.02
684,"CA-2021-1341","2021-07-01","2021-07-07","Ruben Dartt","Consumer","United States","Fort Worth","Texas","77896","Central","Technology","Copiers","Canon ImageCLASS 2200 Advanced Copier",6388.77,7,0.1,2488.15
182,"CA-2021-1090","2021-07-02","2021-07-04","Harold Pawlan","Home Office","United States","San Antonio","Texas","67684","Central","Furniture","Chairs","Hon Deluxe Fabric Upholstered Stacking Chairs",4408.86,9,0.1,810.47
393,"CA-2021-1196","2021-07-02","2021-07-08","Linda Cazamias","Corporate","United States","Louisville","Kentucky","90024","South","Furniture","Chairs","Harbour Creations Executive Chair",2322.72,5,0.1,355.33
288,"CA-2021-1143","2021-07-04","2021-07-10","Arthur Prichep","Consumer","United States","Fort Worth","Texas","83220","Central","Furniture","Furnishings","Deflect-o Desk Pad",46.11,1,0.0,12.6
7,"CA-2021-1003","2021-07-06","2021-07-08","Zuschuss Donatelli","Consumer","United States","Richmond","Virginia","99166","South","Office Supplies","Fasteners","OIC Steel Paper Clips",169.45,9,0.0,66.19
602,"CA-2021-1300","2021-07-06","2021-07-11","Anthony Jacobs","Corporate","United States","Pittsburgh","Pennsylvania","45290","East","Office Supplies","Supplies","Fiskars Commercial Grade Rotary Trimmer",256.4,9,0.0,74.44
752,"CA-2021-1375","2021-07-07","2021-07-13","Zuschuss Donatelli","Corporate","United States","Salt Lake City","Utah","75585","West","Furniture","Chairs","Novimex Swivel Mesh Task Chair",2865.82,8,0.2,164.92
890,"CA-2021-1444","2021-07-07","2021-07-09","Claire Gute","Consumer","United States","Philadelphia","Pennsylvania","74920","East","Technology","Phones","Google Pixel 8 Pro 256GB",4126.9,6,0.0,944.63
465,"CA-2021-1232","2021-07-09","2021-07-12","Matt Abelman","Home Office","United States","Miami","Florida","25807","South","Furniture","Chairs","Global High Back Tilter Chair",2201.57,7,0.1,453.42
982,"CA-2021-1490","2021-07-10","2021-07-14","Zuschuss Donatelli","Consumer","United States","Cincinnati","Ohio","54952","East","Office Supplies","Storage","Adjustable Heavy-Duty Wire Shelving Unit",457.76,3,0.1,97.91
119,"CA-2021-1059","2021-07-18","2021-07-22","Sanjit Chand","Consumer","United States","Allentown","Pennsylvania","72094","East","Technology","Machines","Star Micronics TSP143III Receipt Printer",283.49,1,0.2,-10.44
989,"CA-2021-1494","2021-07-19","2021-07-23","Ruben Dartt","Consumer","United States","San Francisco","California","33458","West","Furniture","Bookcases","Sauder Heritage Hill 5-Shelf Bookcase",596.05,2,0.2,17.34
1014,"CA-2021-1506","2021-07-19","2021-07-25","Darrin Van Huff","Corporate","United States","Philadelphia","Pennsylvania","70405","East","Furniture","Bookcases","Sauder Heritage Hill 5-Shelf Bookcase",1246.55,4,0.2,-84.62
147,"CA-2021-1073","2021-07-21","2021-07-26","Justin Deggeller","Corporate","United States","Cambridge","Massachusetts","85909","East","Office Supplies","Labels","Avery 5160 Easy Peel Address Labels",14.14,3,0.2,3.37
500,"CA-2021-1249","2021-07-22","2021-07-27","Erin Smith","Corporate","United States","San Francisco","California","45296","West","Furniture","Chairs","Global High Back Tilter Chair",6090.06,9,0.0,1424.51
1044,"CA-2021-1521","2021-07-24","2021-07-27","Gene Hale","Corporate","United States","Aurora","Illinois","83580","Central","Technology","Accessories","Logitech MX Master 3S Wireless Mouse",222.97,2,0.2,49.36
1119,"CA-2021-1559","2021-07-25","2021-07-29","Dan Lawera","Consumer","United States","Los Angeles","California","86751","West","Office Supplies","Supplies","Helix Stainless Steel Ruler",110.53,2,0.0,31.77
169,"CA-2021-1084","2021-07-28","2021-08-03","Sandra Flanagan","Consumer","United States","Newark","New Jersey","56135","East","Office Supplies","Supplies","Stabila 24-Inch Magnetic Level",270.35,7,0.0,107.44
199,"CA-2021-1099","2021-07-28","2021-07-31","Pete Kriz","Consumer","United States","Pittsburgh","Pennsylvania","35919","East","Office Supplies","Art","Sanford Liquid Accent Highlighters",277.29,5,0.0,81.8
256,"CA-2021-1127","2021-07-29","2021-08-04","Tracy Blumstein","Consumer","United States","Greensboro","North Carolina","82368","South","Technology","Copiers","Canon ImageCLASS 2200 Advanced Copier",10211.9,7,0.0,5039.63
243,"CA-2021-1121","2021-08-01","2021-08-07","Roy Skaria","Corporate","United States","Greensboro","North Carolina","73318","South","Office Supplies","Appliances","Hamilton Beach Commercial Toaster",359.24,1,0.1,93.56
1155,"CA-2021-1577","2021-08-01","2021-08-06","Delfina Latchford","Consumer","United States","Indianapolis","Indiana","44295","Central","Office Supplies","Appliances","Cuisinart Microwave Oven w/ Grill",696.07,5,0.2,121.1
1031,"CA-2021-1515","2021-08-02","2021-08-06","Irene Maddox","Consumer","United States","Eugene","Oregon","15546","West","Technology","Machines","Zebra GX430t Thermal Direct Desktop Printer",6889.78,6,0.2,52.11
540,"CA-2021-1269","2021-08-04","2021-08-08","Anthony Jacobs","Corporate","United States","Fort Worth","Texas","59958","Central","Furniture","Furnishings","Eldon Expressions Wood Desk Accessories",134.22,2,0.2,20.4
745,"CA-2021-1372","2021-08-04","2021-08-06","Valerie Mitchum","Consumer","United States","Cincinnati","Ohio","74904","East","Furniture","Chairs","Herman Miller Aeron Ergonomic Office Chair",4249.42,8,0.3,-631.87
481,"CA-2021-1240","2021-08-05","2021-08-11","Craig Carreira","Consumer","United States","Phoenix","Arizona","48289","West","Technology","Phones","Apple iPhone 14 128GB Midnight",1719.22,2,0.0,578.77
1003,"CA-2021-1501","2021-08-08","2021-08-13","Zuschuss Donatelli","Home Office","United States","Orem","Utah","37103","West","Office Supplies","Fasteners","Swingline Heavy-Duty Desk Stapler",331.77,8,0.0,149.81
657,"CA-2021-1328","2021-08-09","2021-08-14","Emily Phan","Consumer","United States","Aurora","Illinois","62206","Central","Furniture","Bookcases","O'Sullivan 2-Shelf Adjustable Bookcase",1221.62,5,0.2,-63.9
841,"CA-2021-1420","2021-08-09","2021-08-11","Denny Ward","Consumer","United States","Lafayette","Indiana","85149","Central","Technology","Machines","Epson WorkForce Pro WF-C5790",430.06,1,0.4,-94.45
979,"CA-2021-1489","2021-08-09","2021-08-12","Zuschuss Donatelli","Consumer","United States","Warren","Michigan","87027","Central","Office Supplies","Binders","Fellowes Binding Combs 3/8in",113.2,7,0.7,-99.63
237,"CA-2021-1118","2021-08-10","2021-08-12","Brosina Hoffman","Consumer","United States","Memphis","Tennessee","49467","South","Furniture","Tables","BPI Wood Laminate Conference Table 96x42",825.23,3,0.2,-84.0
342,"CA-2021-1170","2021-08-12","2021-08-14","Matt Abelman","Home Office","United States","Louisville","Kentucky","47475","South","Technology","Machines","Star Micronics TSP143III Receipt Printer",422.26,1,0.2,8.41
824,"CA-2021-1411","2021-08-13","2021-08-15","Carlos Soltero","Consumer","United States","Lexington","Kentucky","28919","South","Office Supplies","Appliances","Avanti Single-Door Compact Refrigerator",202.69,1,0.0,68.02
376,"CA-2021-1187","2021-08-17","2021-08-23","Maria Etezadi","Corporate","United States","Austin","Texas","21062","Central","Technology","Accessories","Logitech MX Master 3S Wireless Mouse",558.54,3,0.1,173.34
219,"CA-2021-1109","2021-08-19","2021-08-22","Denny Ward","Consumer","United States","Sacramento","California","73646","West","Furniture","Tables","Boxer Modern Wood End Table 2-Pack",1954.86,6,0.6,-2558.85
1081,"CA-2021-1540","2021-08-20","2021-08-26","Roy Skaria","Consumer","United States","Indianapolis","Indiana","48489","Central","Office Supplies","Labels","Self-Adhesive Address Labels for Laser Printers",99.36,6,0.0,33.93
990,"CA-2021-1494","2021-08-21","2021-08-25","Pete Kriz","Consumer","United States","Richmond","Virginia","34811","South","Office Supplies","Storage","Fellowes Bankers Box Stor/Drawer Steel Plus",1366.03,6,0.2,72.38
8,"CA-2021-1003","2021-08-23","2021-08-29","Justin Deggeller","Corporate","United States","Aurora","Illinois","75612","Central","Office Supplies","Paper","Xerox 1980 High Performance Color Paper",57.46,1,0.0,26.15
438,"CA-2021-1218","2021-08-23","2021-08-25","Kelly Lampkin","Corporate","United States","Lexington","Kentucky","59510","South","Technology","Machines","HP DesignJet Large-Format Color Plotter",908.12,1,0.2,43.36
1176,"CA-2021-1587","2021-08-26","2021-08-28","Sonia Cooley","Corporate","United States","San Diego","California","16978","West","Furniture","Furnishings","Eldon Expressions Wood Desk Accessories",75.51,1,0.2,3.86
781,"CA-2021-1390","2021-08-27","2021-09-02","Gene Hale","Corporate","United States","Rochester","New York","46287","East","Technology","Machines","Zebra GX430t Thermal Direct Desktop Printer",3967.39,7,0.1,675.91
607,"CA-2021-1303","2021-08-29","2021-08-31","Roy Skaria","Corporate","United States","Tacoma","Washington","62100","West","Office Supplies","Paper","Hammermill Premium Laser Print Paper",57.57,1,0.0,16.82
1051,"CA-2021-1525","2021-08-30","2021-09-04","Darrin Van Huff","Corporate","United States","Pittsburgh","Pennsylvania","95221","East","Technology","Accessories","Bose QuietComfort 45 Headphones",378.15,4,0.1,104.78
973,"CA-2021-1486","2021-08-31","2021-09-05","Carlos Soltero","Consumer","United States","Richmond","Virginia","30865","South","Office Supplies","Fasteners","Advantus Push Pins Plastic Head",91.89,5,0.0,40.51
493,"CA-2021-1246","2021-09-05","2021-09-09","Sean O'Donnell","Consumer","United States","Orem","Utah","16376","West","Office Supplies","Storage","Safco Executive Mobile File Cart",311.51,8,0.2,6.68
1094,"CA-2021-1546","2021-09-05","2021-09-08","Andrew Allen","Consumer","United States","Pittsburgh","Pennsylvania","33827","East","Technology","Accessories","Bose QuietComfort 45 Headphones",649.86,3,0.1,208.62
1105,"CA-2021-1552","2021-09-05","2021-09-07","Delfina Latchford","Corporate","United States","Charlotte","North Carolina","37315","South","Technology","Accessories","Logitech Wireless Gaming Headset G930",710.8,5,0.1,169.58
310,"CA-2021-1154","2021-09-07","2021-09-10","Valerie Mitchum","Home Office","United States","Greensboro","North Carolina","61003","South","Furniture","Chairs","Global High Back Tilter Chair",720.72,2,0.3,18.02
688,"CA-2021-1343","2021-09-07","2021-09-12","Sandra Flanagan","Consumer","United States","Lafayette","Indiana","32383","Central","Office Supplies","Art","Fiskars Recycled Scissors",119.97,3,0.0,38.02
103,"CA-2021-1051","2021-09-12","2021-09-17","Mick Brown","Consumer","United States","Atlanta","Georgia","20345","South","Office Supplies","Supplies","Stabila 24-Inch Magnetic Level",159.32,9,0.1,34.79
556,"CA-2021-1277","2021-09-12","2021-09-18","Ken Black","Corporate","United States","Warren","Michigan","41765","Central","Technology","Machines","HP DesignJet Large-Format Color Plotter",972.98,1,0.1,204.3
110,"CA-2021-1054","2021-09-14","2021-09-16","Delfina Latchford","Consumer","United States","Fort Worth","Texas","77908","Central","Technology","Accessories","Keychron Q1 Pro Custom Mechanical Keyboard",1001.81,7,0.0,380.92
875,"CA-2021-1437","2021-09-14","2021-09-18","Eric Hoffmann","Consumer","United States","Memphis","Tennessee","27447","South","Technology","Machines","Epson WorkForce Pro WF-C5790",3596.13,7,0.4,-1194.69
517,"CA-2021-1258","2021-09-19","2021-09-24","Chuck Clark","Home Office","United States","Warren","Michigan","11059","Central","Technology","Accessories","Keychron Q1 Pro Custom Mechanical Keyboard",729.83,8,0.1,163.35
77,"CA-2021-1038","2021-09-24","2021-09-30","Sanjit Chand","Consumer","United States","Eugene","Oregon","30280","West","Technology","Machines","Bady Automated Thermal Label Printer",4592.21,5,0.1,524.26
632,"CA-2021-1315","2021-09-26","2021-09-30","Sonia Cooley","Consumer","United States","Tampa","Florida","22767","South","Furniture","Chairs","Novimex Swivel Mesh Task Chair",1148.86,2,0.3,-66.68
136,"CA-2021-1067","2021-09-28","2021-10-03","Denny Ward","Corporate","United States","Aurora","Illinois","80931","Central","Office Supplies","Labels","Avery 5160 Easy Peel Address Labels",14.98,2,0.0,5.23
1169,"CA-2021-1584","2021-09-29","2021-10-03","Barry Pond","Corporate","United States","Newark","New Jersey","58305","East","Office Supplies","Art","Sanford Liquid Accent Highlighters",37.49,1,0.2,12.94
611,"CA-2021-1305","2021-10-01","2021-10-07","Linda Cazamias","Corporate","United States","San Diego","California","23951","West","Furniture","Tables","Chromcraft Bull-Nose Wood Oval Conference Tables",2200.31,5,0.5,-1743.79
975,"CA-2021-1487","2021-10-01","2021-10-05","Ken Lonsdale","Corporate","United States","Indianapolis","Indiana","15179","Central","Furniture","Chairs","Steelcase Gesture Ergonomic Office Chair",1319.88,6,0.0,421.68
1034,"CA-2021-1516","2021-10-02","2021-10-04","Ken Lonsdale","Corporate","United States","Provo","Utah","35471","West","Technology","Phones","Samsung Galaxy S23 Ultra 512GB",1415.69,4,0.1,208.29
811,"CA-2021-1405","2021-10-03","2021-10-05","Erin Smith","Corporate","United States","Charlotte","North Carolina","85069","South","Technology","Copiers","Canon imageCLASS MF743Cdw All-in-One",7020.49,4,0.0,2918.69
223,"CA-2021-1111","2021-10-05","2021-10-11","Denny Ward","Consumer","United States","Buffalo","New York","76207","East","Furniture","Furnishings","Eldon Expressions Wood Desk Accessories",434.22,6,0.2,26.76
398,"CA-2021-1198","2021-10-07","2021-10-10","Dan Lawera","Consumer","United States","Austin","Texas","70106","Central","Furniture","Bookcases","O'Sullivan 2-Shelf Adjustable Bookcase",128.84,1,0.35,-42.72
549,"CA-2021-1274","2021-10-09","2021-10-13","Emily Phan","Consumer","United States","Tacoma","Washington","78271","West","Technology","Machines","HP DesignJet Large-Format Color Plotter",1901.26,3,0.0,468.74
1133,"CA-2021-1566","2021-10-09","2021-10-14","Roy Skaria","Home Office","United States","Norfolk","Virginia","86873","South","Furniture","Furnishings","Eldon Expressions Wood Desk Accessories",57.84,2,0.0,12.34
484,"CA-2021-1241","2021-10-10","2021-10-15","Anthony Jacobs","Corporate","United States","Aurora","Illinois","66894","Central","Furniture","Bookcases","O'Sullivan 2-Shelf Adjustable Bookcase",220.44,2,0.15,2.83
683,"CA-2021-1341","2021-10-11","2021-10-15","Chuck Clark","Home Office","United States","Madison","Wisconsin","65170","Central","Office Supplies","Supplies","Helix Stainless Steel Ruler",212.59,7,0.0,98.32
1170,"CA-2021-1584","2021-10-13","2021-10-18","Lena Creighton","Consumer","United States","Aurora","Illinois","60475","Central","Office Supplies","Supplies","Stabila 24-Inch Magnetic Level",83.81,2,0.0,25.78
141,"CA-2021-1070","2021-10-14","2021-10-18","Tracy Blumstein","Consumer","United States","Lafayette","Indiana","38972","Central","Technology","Copiers","Hewlett Packard LaserJet Multifunction Copier",9158.56,5,0.2,3409.9
692,"CA-2021-1345","2021-10-14","2021-10-18","Mick Brown","Home Office","United States","Memphis","Tennessee","52477","South","Technology","Accessories","Bose QuietComfort 45 Headphones",1815.4,9,0.0,596.93
1059,"CA-2021-1529","2021-10-14","2021-10-19","Zuschuss Carroll","Consumer","United States","Naperville","Illinois","44543","Central","Furniture","Furnishings","Deflect-o Desk Pad",786.16,7,0.0,296.19
132,"CA-2021-1065","2021-10-15","2021-10-18","Claire Gute","Consumer","United States","Jersey City","New Jersey","18142","East","Office Supplies","Storage","Iris Plastic Utility Storage Bins",121.08,1,0.0,29.44
542,"CA-2021-1270","2021-10-15","2021-10-19","Ken Black","Consumer","United States","Spokane","Washington","30119","West","Furniture","Furnishings","Seth Thomas Executive Wall Clock",156.85,2,0.1,17.78
584,"CA-2021-1291","2021-10-18","2021-10-21","Alejandro Grove","Consumer","United States","Cleveland","Ohio","95166","East","Office Supplies","Paper","Southworth 25% Cotton Resume Paper",57.27,7,0.1,14.7
652,"CA-2021-1325","2021-10-18","2021-10-21","Irene Maddox","Corporate","United States","Newark","New Jersey","65038","East","Office Supplies","Labels","Dot Matrix Heavy Duty Labels",63.52,2,0.0,25.74
205,"CA-2021-1102","2021-10-19","2021-10-22","Carlos Soltero","Consumer","United States","Newark","New Jersey","90495","East","Furniture","Bookcases","Sauder Heritage Hill 5-Shelf Bookcase",342.32,4,0.2,-7.64
521,"CA-2021-1260","2021-10-19","2021-10-22","Dan Lawera","Consumer","United States","Chicago","Illinois","54540","Central","Furniture","Chairs","Steelcase Gesture Ergonomic Office Chair",818.81,3,0.1,106.16
967,"CA-2021-1483","2021-10-19","2021-10-22","Irene Maddox","Consumer","United States","Milwaukee","Wisconsin","64734","Central","Furniture","Bookcases","Riverside Palais Royal Lawyers Bookcase",368.68,1,0.15,-2.05
279,"CA-2021-1139","2021-10-20","2021-10-23","Sonia Cooley","Consumer","United States","Austin","Texas","78512","Central","Office Supplies","Art","Prismacolor Premiere Colored Pencils 72-Set",183.4,7,0.0,55.33
430,"CA-2021-1214","2021-10-21","2021-10-27","Harold Pawlan","Home Office","United States","Rochester","New York","75419","East","Furniture","Tables","Chromcraft Bull-Nose Wood Oval Conference Tables",800.61,7,0.6,-933.1
874,"CA-2021-1436","2021-10-23","2021-10-26","Valerie Mitchum","Home Office","United States","Worcester","Massachusetts","62721","East","Furniture","Furnishings","DAX Clear Document Frame",72.77,3,0.0,19.93
72,"CA-2021-1035","2021-10-24","2021-10-30","Gene Hale","Corporate","United States","San Francisco","California","65176","West","Furniture","Tables","Chromcraft Bull-Nose Wood Oval Conference Tables",886.4,6,0.3,-282.96
377,"CA-2021-1188","2021-10-25","2021-10-28","Carlos Soltero","Consumer","United States","Nashville","Tennessee","94182","South","Technology","Machines","Zebra GX430t Thermal Direct Desktop Printer",3973.24,4,0.0,1097.71
638,"CA-2021-1318","2021-10-26","2021-10-30","Denny Ward","Home Office","United States","Orlando","Florida","45369","South","Office Supplies","Supplies","Acme Forged Carbon Steel Scissors",14.97,1,0.1,3.07
30,"CA-2021-1014","2021-10-30","2021-11-01","Justin Deggeller","Corporate","United States","Portland","Oregon","27477","West","Furniture","Furnishings","Eldon Expressions Wood Desk Accessories",323.42,9,0.2,61.73
577,"CA-2021-1288","2021-10-30","2021-11-04","Ken Lonsdale","Corporate","United States","San Diego","California","66861","West","Office Supplies","Paper","Xerox 1967",94.26,2,0.2,24.74
620,"CA-2021-1309","2021-10-30","2021-11-04","Andrew Allen","Corporate","United States","Houston","Texas","64256","Central","Office Supplies","Paper","Xerox 205 Premium Multipurpose Paper",153.68,7,0.1,47.61
613,"CA-2021-1306","2021-10-31","2021-11-02","Carlos Soltero","Consumer","United States","Allentown","Pennsylvania","89668","East","Office Supplies","Paper","Hammermill Premium Laser Print Paper",19.85,1,0.1,7.87
578,"CA-2021-1288","2021-11-01","2021-11-06","Matt Abelman","Consumer","United States","Memphis","Tennessee","70774","South","Technology","Accessories","SanDisk Ultra 128GB MicroSDXC UHS-I",1412.65,7,0.0,563.19
47,"CA-2021-1023","2021-11-02","2021-11-06","Irene Maddox","Consumer","United States","Tucson","Arizona","50026","West","Technology","Accessories","Bose QuietComfort 45 Headphones",738.42,7,0.2,107.45
143,"CA-2021-1071","2021-11-02","2021-11-05","Justin Deggeller","Corporate","United States","Pittsburgh","Pennsylvania","60910","East","Technology","Accessories","Logitech MX Master 3S Wireless Mouse",155.91,1,0.0,61.61
308,"CA-2021-1153","2021-11-04","2021-11-08","Steve Nguyen","Corporate","United States","Seattle","Washington","58679","West","Furniture","Bookcases","Atlantic Magazine Storage Shelf Rack",571.14,4,0.35,-166.51
1069,"CA-2021-1534","2021-11-04","2021-11-10","Raymond Buch","Consumer","United States","Buffalo","New York","40830","East","Office Supplies","Fasteners","OIC Steel Paper Clips",35.66,1,0.0,13.79
396,"CA-2021-1197","2021-11-06","2021-11-08","Carlos Soltero","Consumer","United States","Tacoma","Washington","24435","West","Office Supplies","Appliances","Fellowes Powershred 99Ci Paper Shredder",1283.12,4,0.1,337.59
829,"CA-2021-1414","2021-11-06","2021-11-11","Erin Smith","Corporate","United States","Atlanta","Georgia","25442","South","Technology","Machines","Epson WorkForce Pro WF-C5790",2025.2,4,0.4,-710.77
1160,"CA-2021-1579","2021-11-06","2021-11-09","Sandra Flanagan","Consumer","United States","Sacramento","California","92756","West","Office Supplies","Supplies","Helix Stainless Steel Ruler",63.3,7,0.2,20.73
181,"CA-2021-1090","2021-11-07","2021-11-12","Andrew Allen","Consumer","United States","Miami","Florida","60209","South","Technology","Copiers","Canon ImageCLASS 2200 Advanced Copier",13858.97,7,0.0,5843.71
601,"CA-2021-1300","2021-11-07","2021-11-13","Dan Lawera","Consumer","United States","Buffalo","New York","36167","East","Office Supplies","Labels","Avery File Folder Labels",179.52,4,0.2,37.08
791,"CA-2021-1395","2021-11-07","2021-11-13","Barry Pond","Corporate","United States","Charlotte","North Carolina","70583","South","Office Supplies","Envelopes","Self-Seal White Catalog Envelopes #10",317.79,6,0.0,146.75
968,"CA-2021-1483","2021-11-07","2021-11-13","Gene Hale","Corporate","United States","New York City","New York","98160","East","Furniture","Bookcases","Riverside Palais Royal Lawyers Bookcase",2553.09,8,0.15,-4.56
37,"CA-2021-1018","2021-11-08","2021-11-11","Darrin Van Huff","Corporate","United States","Pittsburgh","Pennsylvania","31992","East","Technology","Phones","Polycom SoundPoint Pro SE-225 Phone",2071.89,4,0.1,318.7
910,"CA-2021-1454","2021-11-08","2021-11-11","Zuschuss Donatelli","Consumer","United States","Cleveland","Ohio","97771","East","Office Supplies","Fasteners","OIC Steel Paper Clips",33.06,1,0.0,11.17
705,"CA-2021-1352","2021-11-09","2021-11-15","Eric Hoffmann","Consumer","United States","San Antonio","Texas","45066","Central","Technology","Copiers","Canon imageRUNNER ADVANCE C5535i Copier",9342.44,9,0.2,2896.7
1189,"CA-2021-1594","2021-11-09","2021-11-13","Alejandro Grove","Consumer","United States","Newark","New Jersey","39016","East","Technology","Copiers","Canon ImageCLASS 2200 Advanced Copier",3445.39,2,0.0,1529.85
111,"CA-2021-1055","2021-11-10","2021-11-13","Erin Smith","Corporate","United States","Worcester","Massachusetts","91922","East","Office Supplies","Art","Boston School Pro Electric Pencil Sharpener",159.71,4,0.0,62.31
499,"CA-2021-1249","2021-11-10","2021-11-13","Sandra Flanagan","Consumer","United States","Spokane","Washington","61110","West","Office Supplies","Paper","Xerox 1967",89.88,6,0.0,37.99
1008,"CA-2021-1503","2021-11-10","2021-11-14","Matt Abelman","Home Office","United States","Paterson","New Jersey","84442","East","Furniture","Chairs","Hon Deluxe Fabric Upholstered Stacking Chairs",2889.37,6,0.3,-50.54
457,"CA-2021-1228","2021-11-11","2021-11-14","Roy Skaria","Corporate","United States","San Diego","California","86085","West","Technology","Machines","HP DesignJet Large-Format Color Plotter",7738.6,7,0.0,1314.29
479,"CA-2021-1239","2021-11-12","2021-11-16","Patrick O'Donnell","Consumer","United States","Columbus","Ohio","73748","East","Furniture","Tables","BPI Wood Laminate Conference Table 96x42",885.21,2,0.3,-300.89
598,"CA-2021-1298","2021-11-13","2021-11-18","Maria Etezadi","Home Office","United States","Tacoma","Washington","52583","West","Furniture","Furnishings","DAX Clear Document Frame",124.22,2,0.0,37.15
1093,"CA-2021-1546","2021-11-13","2021-11-15","Erin Smith","Consumer","United States","Knoxville","Tennessee","67610","South","Technology","Accessories","SanDisk Ultra 128GB MicroSDXC UHS-I",238.77,2,0.0,79.37
197,"CA-2021-1098","2021-11-15","2021-11-20","Erin Smith","Corporate","United States","San Antonio","Texas","89076","Central","Office Supplies","Supplies","Stabila 24-Inch Magnetic Level",19.95,2,0.0,8.81
918,"CA-2021-1458","2021-11-15","2021-11-21","Hunter Lopez","Consumer","United States","Naperville","Illinois","13918","Central","Technology","Machines","Bady Automated Thermal Label Printer",1005.43,3,0.4,-319.0
1177,"CA-2021-1588","2021-11-15","2021-11-17","Pauline Chand","Consumer","United States","San Jose","California","39753","West","Office Supplies","Art","Sanford Liquid Accent Highlighters",179.49,5,0.0,62.01
428,"CA-2021-1213","2021-11-16","2021-11-20","Tamara Chand","Corporate","United States","San Diego","California","39605","West","Office Supplies","Art","Fiskars Recycled Scissors",135.59,5,0.1,49.3
999,"CA-2021-1499","2021-11-16","2021-11-19","Sanjit Engle","Consumer","United States","Columbus","Ohio","37657","East","Office Supplies","Labels","Avery File Folder Labels",115.55,4,0.1,29.22
427,"CA-2021-1213","2021-11-17","2021-11-22","Lena Creighton","Consumer","United States","Paterson","New Jersey","24790","East","Furniture","Chairs","Steelcase Gesture Ergonomic Office Chair",2189.64,7,0.3,-150.16
1171,"CA-2021-1585","2021-11-18","2021-11-24","Zuschuss Donatelli","Consumer","United States","Raleigh","North Carolina","87022","South","Office Supplies","Paper","Xerox 205 Premium Multipurpose Paper",91.62,3,0.2,20.1
313,"CA-2021-1156","2021-11-19","2021-11-25","Odella Nelson","Corporate","United States","San Diego","California","51515","West","Technology","Accessories","SanDisk Ultra 128GB MicroSDXC UHS-I",1846.49,9,0.0,496.48
717,"CA-2021-1358","2021-11-19","2021-11-25","Denny Ward","Consumer","United States","Norfolk","Virginia","45282","South","Furniture","Bookcases","O'Sullivan 2-Shelf Adjustable Bookcase",2116.6,8,0.2,-32.69
994,"CA-2021-1496","2021-11-19","2021-11-22","Roy Skaria","Corporate","United States","Naperville","Illinois","23968","Central","Furniture","Tables","Chromcraft Bull-Nose Wood Oval Conference Tables",2303.83,5,0.2,-309.39
1038,"CA-2021-1518","2021-11-19","2021-11-21","Odella Nelson","Corporate","United States","Phoenix","Arizona","44588","West","Technology","Phones","Apple iPhone 14 128GB Midnight",2708.7,7,0.2,323.44
1148,"CA-2021-1573","2021-11-19","2021-11-25","Patrick O'Donnell","Consumer","United States","Orem","Utah","24536","West","Furniture","Furnishings","DAX Clear Document Frame",251.58,3,0.0,69.56
497,"CA-2021-1248","2021-11-20","2021-11-26","Denny Ward","Consumer","United States","Paterson","New Jersey","42150","East","Furniture","Bookcases","O'Sullivan 2-Shelf Adjustable Bookcase",1113.92,3,0.15,7.53
916,"CA-2021-1457","2021-11-20","2021-11-22","Claire Gute","Consumer","United States","Orem","Utah","58866","West","Office Supplies","Paper","Xerox 1967",22.72,1,0.1,7.81
815,"CA-2021-1407","2021-11-21","2021-11-23","Denny Ward","Consumer","United States","Albany","New York","54539","East","Office Supplies","Supplies","Helix Stainless Steel Ruler",97.86,3,0.2,11.57
908,"CA-2021-1453","2021-11-23","2021-11-26","Irene Maddox","Consumer","United States","Detroit","Michigan","94124","Central","Office Supplies","Appliances","Avanti Single-Door Compact Refrigerator",1277.96,8,0.3,-131.3
10,"CA-2021-1004","2021-11-24","2021-11-29","Andrew Allen","Consumer","United States","Allentown","Pennsylvania","80686","East","Office Supplies","Envelopes","Tyvek Tear-Proof Expandable Envelopes",170.11,5,0.0,68.27
116,"CA-2021-1057","2021-11-24","2021-11-30","Sanjit Engle","Consumer","United States","Paterson","New Jersey","69930","East","Office Supplies","Supplies","Stabila 24-Inch Magnetic Level",40.16,8,0.2,13.51
761,"CA-2021-1380","2021-11-24","2021-11-26","Sandra Flanagan","Consumer","United States","Seattle","Washington","99245","West","Furniture","Tables","BPI Wood Laminate Conference Table 96x42",976.85,2,0.4,-416.26
779,"CA-2021-1389","2021-11-24","2021-11-27","Dan Lawera","Consumer","United States","Grand Rapids","Michigan","58863","Central","Technology","Accessories","SanDisk Ultra 128GB MicroSDXC UHS-I",1274.53,9,0.1,221.05
872,"CA-2021-1435","2021-11-24","2021-11-28","Lena Creighton","Consumer","United States","Albany","New York","83877","East","Furniture","Bookcases","Atlantic Magazine Storage Shelf Rack",799.9,2,0.0,175.24
86,"CA-2021-1042","2021-11-25","2021-11-30","Barry Pond","Corporate","United States","Henderson","Kentucky","46002","South","Technology","Copiers","Canon imageRUNNER ADVANCE C5535i Copier",4642.79,3,0.0,1951.54
71,"CA-2021-1035","2021-11-26","2021-11-30","Matt Abelman","Home Office","United States","Buffalo","New York","46342","East","Technology","Accessories","Keychron Q1 Pro Custom Mechanical Keyboard",1208.94,6,0.0,445.25
1087,"CA-2021-1543","2021-11-26","2021-12-01","Odella Nelson","Consumer","United States","San Francisco","California","52726","West","Office Supplies","Appliances","Cuisinart Microwave Oven w/ Grill",427.67,4,0.0,107.23
1097,"CA-2021-1548","2021-11-27","2021-12-01","Matt Abelman","Home Office","United States","Grand Rapids","Michigan","10352","Central","Technology","Machines","Star Micronics TSP143III Receipt Printer",619.86,2,0.4,-189.04
225,"CA-2021-1112","2021-11-28","2021-12-04","Tom Prescott","Consumer","United States","Allentown","Pennsylvania","11166","East","Furniture","Tables","Bevis Round Conference Table",1566.03,7,0.6,-1814.78
696,"CA-2021-1347","2021-11-28","2021-12-04","Craig Carreira","Home Office","United States","San Francisco","California","54657","West","Furniture","Chairs","Hon Deluxe Fabric Upholstered Stacking Chairs",4152.42,6,0.0,1077.81
704,"CA-2021-1351","2021-11-28","2021-12-01","Brosina Hoffman","Consumer","United States","Raleigh","North Carolina","72744","South","Furniture","Tables","Balt Solid Wood Workstation Training Table",1977.06,4,0.45,-1391.23
1110,"CA-2021-1554","2021-11-28","2021-12-04","Carlos Soltero","Consumer","United States","Cincinnati","Ohio","39910","East","Furniture","Furnishings","Eldon Expressions Wood Desk Accessories",350.67,7,0.2,46.61
411,"CA-2021-1205","2021-11-29","2021-12-01","Darrin Van Huff","Corporate","United States","Raleigh","North Carolina","72116","South","Office Supplies","Paper","Xerox 1967",527.92,9,0.0,182.79
1085,"CA-2021-1542","2021-11-30","2021-12-04","Sanjit Chand","Consumer","United States","Nashville","Tennessee","28116","South","Office Supplies","Envelopes","Redi-Seal Security Tint Envelopes",277.12,8,0.0,93.09
585,"CA-2021-1292","2021-12-01","2021-12-03","Gene Hale","Corporate","United States","Columbus","Ohio","77033","East","Furniture","Tables","Bevis Round Conference Table",1120.18,4,0.6,-1382.4
881,"CA-2021-1440","2021-12-01","2021-12-07","Sonia Cooley","Consumer","United States","Lexington","Kentucky","27773","South","Technology","Accessories","Logitech Wireless Gaming Headset G930",691.42,3,0.0,182.92
576,"CA-2021-1287","2021-12-02","2021-12-07","Hunter Lopez","Consumer","United States","Philadelphia","Pennsylvania","98908","East","Technology","Accessories","SanDisk Ultra 128GB MicroSDXC UHS-I",112.88,1,0.0,42.72
802,"CA-2021-1400","2021-12-03","2021-12-08","Emily Phan","Home Office","United States","Cleveland","Ohio","87193","East","Office Supplies","Labels","Dot Matrix Heavy Duty Labels",89.2,2,0.0,32.87
912,"CA-2021-1455","2021-12-03","2021-12-06","Kelly Lampkin","Home Office","United States","Warren","Michigan","53841","Central","Office Supplies","Envelopes","Redi-Seal Security Tint Envelopes",152.75,3,0.0,65.81
55,"CA-2021-1027","2021-12-04","2021-12-07","Carlos Soltero","Consumer","United States","Lafayette","Indiana","34983","Central","Office Supplies","Fasteners","OIC Steel Paper Clips",132.52,8,0.1,42.74
615,"CA-2021-1307","2021-12-05","2021-12-11","Claire Gute","Consumer","United States","Sacramento","California","31383","West","Technology","Copiers","Canon ImageCLASS 2200 Advanced Copier",3732.09,4,0.1,1509.22
716,"CA-2021-1357","2021-12-05","2021-12-11","Darrin Van Huff","Consumer","United States","Lafayette","Indiana","59950","Central","Technology","Copiers","Hewlett Packard LaserJet Multifunction Copier",15485.65,7,0.0,5495.7
61,"CA-2021-1030","2021-12-07","2021-12-09","Sean O'Donnell","Consumer","United States","Orem","Utah","32280","West","Office Supplies","Fasteners","Advantus Push Pins Plastic Head",136.86,4,0.0,53.81
213,"CA-2021-1106","2021-12-07","2021-12-10","Anthony Jacobs","Corporate","United States","Grand Rapids","Michigan","17144","Central","Furniture","Bookcases","Bush Somerset Collection Bookcase",1785.71,7,0.15,166.35
278,"CA-2021-1138","2021-12-07","2021-12-10","Bill Stewart","Corporate","United States","Salt Lake City","Utah","88753","West","Furniture","Furnishings","Nu-Dell Wood Desk Tray",683.07,8,0.2,26.21
165,"CA-2021-1082","2021-12-08","2021-12-14","Maria Etezadi","Home Office","United States","Jersey City","New Jersey","64522","East","Office Supplies","Supplies","Acme Forged Carbon Steel Scissors",359.24,6,0.0,135.27
614,"CA-2021-1306","2021-12-08","2021-12-13","Raymond Buch","Consumer","United States","Phoenix","Arizona","94473","West","Technology","Phones","Polycom SoundPoint Pro SE-225 Phone",1029.03,2,0.0,209.01
15,"CA-2021-1007","2021-12-09","2021-12-14","Linda Cazamias","Corporate","United States","Charlotte","North Carolina","86569","South","Office Supplies","Binders","Avery Non-Stick Heavy Duty Ring Binders",133.45,9,0.0,41.74
160,"CA-2021-1079","2021-12-09","2021-12-14","Ruben Dartt","Consumer","United States","Orem","Utah","61864","West","Furniture","Furnishings","Nu-Dell Wood Desk Tray",263.14,4,0.0,59.04
421,"CA-2021-1210","2021-12-09","2021-12-13","Ken Lonsdale","Corporate","United States","Detroit","Michigan","64000","Central","Technology","Copiers","Hewlett Packard LaserJet Multifunction Copier",929.53,1,0.1,301.8
1126,"CA-2021-1562","2021-12-09","2021-12-13","Kelly Lampkin","Consumer","United States","Savannah","Georgia","80660","South","Technology","Accessories","Bose QuietComfort 45 Headphones",1952.73,8,0.0,597.67
1197,"CA-2021-1598","2021-12-10","2021-12-13","Matt Abelman","Home Office","United States","Buffalo","New York","13232","East","Office Supplies","Appliances","Honeywell True HEPA Air Purifier HPA300",938.82,9,0.3,-62.69
149,"CA-2021-1074","2021-12-11","2021-12-15","Ken Black","Home Office","United States","Greensboro","North Carolina","10836","South","Technology","Phones","Polycom SoundPoint Pro SE-225 Phone",837.35,1,0.0,176.81
1088,"CA-2021-1543","2021-12-11","2021-12-16","Sean O'Donnell","Consumer","United States","Norfolk","Virginia","60570","South","Furniture","Bookcases","Riverside Palais Royal Lawyers Bookcase",648.46,5,0.35,-162.04
295,"CA-2021-1147","2021-12-12","2021-12-18","Gene Hale","Corporate","United States","Cambridge","Massachusetts","57851","East","Technology","Copiers","Canon imageRUNNER ADVANCE C5535i Copier",4943.73,3,0.0,1886.43
381,"CA-2021-1190","2021-12-12","2021-12-15","Sanjit Engle","Consumer","United States","New York City","New York","21322","East","Technology","Phones","Mitel 5320 IP Phone",3661.37,4,0.0,1082.71
515,"CA-2021-1257","2021-12-13","2021-12-18","Craig Carreira","Consumer","United States","Provo","Utah","11610","West","Technology","Phones","Google Pixel 8 Pro 256GB",4317.62,9,0.0,988.18
548,"CA-2021-1273","2021-12-13","2021-12-19","Dan Lawera","Consumer","United States","Seattle","Washington","17854","West","Technology","Phones","Samsung Galaxy S23 Ultra 512GB",3066.16,4,0.0,961.51
1104,"CA-2021-1551","2021-12-14","2021-12-19","Justin Deggeller","Corporate","United States","Sacramento","California","15485","West","Technology","Phones","Mitel 5320 IP Phone",1035.61,2,0.0,223.35
73,"CA-2021-1036","2021-12-15","2021-12-19","Chuck Clark","Home Office","United States","Richmond","Virginia","17972","South","Technology","Phones","Apple iPhone 15 Pro Max 256GB",4150.27,9,0.0,1230.56
87,"CA-2021-1043","2021-12-15","2021-12-20","Sean O'Donnell","Corporate","United States","Sacramento","California","68947","West","Technology","Machines","Epson WorkForce Pro WF-C5790",13005.7,9,0.0,3392.38
527,"CA-2021-1263","2021-12-15","2021-12-21","Patrick O'Donnell","Consumer","United States","Eugene","Oregon","45785","West","Office Supplies","Supplies","Helix Stainless Steel Ruler",192.45,7,0.0,84.85
446,"CA-2021-1222","2021-12-16","2021-12-18","Matt Abelman","Home Office","United States","Warren","Michigan","45985","Central","Technology","Machines","Zebra GX430t Thermal Direct Desktop Printer",3538.14,7,0.1,259.55
746,"CA-2021-1372","2021-12-16","2021-12-22","Carlos Soltero","Home Office","United States","Nashville","Tennessee","78482","South","Office Supplies","Art","Fiskars Recycled Scissors",222.98,5,0.0,101.69
523,"CA-2021-1261","2021-12-17","2021-12-23","Pauline Chand","Consumer","United States","San Francisco","California","93380","West","Furniture","Chairs","Herman Miller Aeron Ergonomic Office Chair",2612.84,9,0.3,-252.34
780,"CA-2021-1389","2021-12-17","2021-12-19","Odella Nelson","Corporate","United States","Madison","Wisconsin","66811","Central","Furniture","Chairs","Harbour Creations Executive Chair",3275.58,5,0.0,930.19
1016,"CA-2021-1507","2021-12-17","2021-12-23","Sandra Flanagan","Consumer","United States","Miami","Florida","44883","South","Furniture","Chairs","Hon Deluxe Fabric Upholstered Stacking Chairs",1189.45,3,0.1,186.14
1127,"CA-2021-1563","2021-12-18","2021-12-20","Anthony Jacobs","Corporate","United States","Louisville","Kentucky","30687","South","Furniture","Chairs","Global High Back Tilter Chair",719.38,2,0.0,170.1
1194,"CA-2021-1596","2021-12-18","2021-12-22","Sandra Flanagan","Consumer","United States","Cincinnati","Ohio","14187","East","Furniture","Chairs","Herman Miller Aeron Ergonomic Office Chair",1908.6,5,0.0,368.99
410,"CA-2021-1204","2021-12-19","2021-12-22","Delfina Latchford","Consumer","United States","Allentown","Pennsylvania","80761","East","Technology","Phones","Apple iPhone 15 Pro Max 256GB",4486.16,6,0.2,124.45
770,"CA-2021-1384","2021-12-19","2021-12-21","Sandra Flanagan","Consumer","United States","Newark","New Jersey","30883","East","Technology","Accessories","Keychron Q1 Pro Custom Mechanical Keyboard",1561.09,9,0.2,207.11
17,"CA-2021-1008","2021-12-22","2021-12-28","Denny Ward","Consumer","United States","Austin","Texas","19508","Central","Furniture","Tables","BPI Wood Laminate Conference Table 96x42",1206.33,3,0.4,-643.38
258,"CA-2021-1128","2021-12-22","2021-12-24","Valerie Mitchum","Corporate","United States","Dallas","Texas","30146","Central","Technology","Copiers","Canon ImageCLASS 2200 Advanced Copier",9556.58,6,0.0,4688.69
510,"CA-2021-1254","2021-12-22","2021-12-28","Barry Pond","Corporate","United States","Orem","Utah","39431","West","Office Supplies","Storage","Fellowes Bankers Box Stor/Drawer Steel Plus",1661.78,9,0.0,404.44
626,"CA-2021-1312","2021-12-22","2021-12-24","Mick Brown","Consumer","United States","Norfolk","Virginia","78354","South","Office Supplies","Envelopes","Brown Kraft Clasp Envelopes 9x12",113.21,4,0.0,35.25
1140,"CA-2021-1569","2021-12-22","2021-12-24","Tracy Blumstein","Consumer","United States","Raleigh","North Carolina","58809","South","Office Supplies","Binders","Fellowes Binding Combs 3/8in",51.84,3,0.1,15.31
68,"CA-2021-1033","2021-12-23","2021-12-27","Raymond Buch","Consumer","United States","New York City","New York","69459","East","Office Supplies","Supplies","Fiskars Commercial Grade Rotary Trimmer",32.25,2,0.1,10.31
384,"CA-2021-1191","2021-12-23","2021-12-27","Harold Pawlan","Consumer","United States","Milwaukee","Wisconsin","61292","Central","Office Supplies","Paper","Xerox 1967",41.55,1,0.0,13.85
424,"CA-2021-1211","2021-12-23","2021-12-25","Andrew Allen","Corporate","United States","Fort Lauderdale","Florida","18683","South","Furniture","Bookcases","O'Sullivan 2-Shelf Adjustable Bookcase",264.18,1,0.0,62.9
1123,"CA-2021-1561","2021-12-23","2021-12-28","Sandra Flanagan","Consumer","United States","Lafayette","Indiana","66464","Central","Furniture","Furnishings","Eldon Expressions Wood Desk Accessories",182.3,2,0.0,66.36
405,"CA-2021-1202","2021-12-24","2021-12-30","Hunter Lopez","Consumer","United States","Cambridge","Massachusetts","73730","East","Office Supplies","Envelopes","Redi-Seal Security Tint Envelopes",35.98,5,0.1,10.18
984,"CA-2021-1491","2021-12-24","2021-12-30","Sanjit Chand","Consumer","United States","Orlando","Florida","89791","South","Office Supplies","Labels","Dot Matrix Heavy Duty Labels",55.98,2,0.1,22.12
637,"CA-2021-1318","2021-12-25","2021-12-30","Emily Phan","Consumer","United States","Orem","Utah","71599","West","Technology","Machines","Zebra GX430t Thermal Direct Desktop Printer",3147.78,8,0.1,413.36
820,"CA-2021-1409","2021-12-25","2021-12-31","Sanjit Engle","Consumer","United States","Philadelphia","Pennsylvania","72649","East","Office Supplies","Appliances","Honeywell True HEPA Air Purifier HPA300",843.71,7,0.2,156.16
554,"CA-2021-1276","2021-12-26","2021-12-31","Ruben Dartt","Consumer","United States","Norfolk","Virginia","10547","South","Office Supplies","Art","Boston School Pro Electric Pencil Sharpener",132.95,3,0.0,42.43
767,"CA-2021-1383","2021-12-26","2022-01-01","Barry Pond","Corporate","United States","Lexington","Kentucky","49344","South","Office Supplies","Binders","Wilson Jones Continuous Form Binder",361.47,6,0.2,66.2
1129,"CA-2021-1564","2021-12-26","2021-12-28","Craig Carreira","Consumer","United States","Orem","Utah","53687","West","Furniture","Furnishings","Nu-Dell Wood Desk Tray",150.81,4,0.0,37.87
214,"CA-2021-1106","2021-12-27","2022-01-02","Roy Skaria","Consumer","United States","Allentown","Pennsylvania","96643","East","Office Supplies","Art","Fiskars Recycled Scissors",39.53,2,0.1,11.4
1076,"CA-2021-1537","2021-12-27","2021-12-31","Lena Creighton","Consumer","United States","Cleveland","Ohio","34338","East","Office Supplies","Fasteners","Advantus Push Pins Plastic Head",73.25,3,0.0,32.45
100,"CA-2021-1049","2021-12-28","2022-01-02","Sean O'Donnell","Consumer","United States","Warren","Michigan","86271","Central","Furniture","Tables","Bretford CR4500 Series Slim Rectangular Table",1770.18,6,0.2,-186.51
271,"CA-2021-1135","2021-12-28","2021-12-31","Kelly Lampkin","Home Office","United States","Los Angeles","California","82298","West","Technology","Phones","Polycom SoundPoint Pro SE-225 Phone",5519.08,7,0.0,1279.95
792,"CA-2021-1395","2021-12-28","2022-01-03","Roy Skaria","Corporate","United States","Eugene","Oregon","48399","West","Technology","Phones","Apple iPhone 15 Pro Max 256GB",6753.01,9,0.0,1794.8
889,"CA-2021-1444","2021-12-28","2022-01-03","Andrew Allen","Home Office","United States","Lexington","Kentucky","34323","South","Technology","Phones","Polycom SoundPoint Pro SE-225 Phone",578.63,2,0.0,127.76
932,"CA-2021-1465","2021-12-28","2021-12-30","Ruben Dartt","Corporate","United States","Greensboro","North Carolina","83763","South","Office Supplies","Art","Newell 322",30.38,3,0.2,8.66
958,"CA-2021-1478","2021-12-28","2021-12-31","Tom Prescott","Consumer","United States","Mesa","Arizona","41709","West","Furniture","Furnishings","Seth Thomas Executive Wall Clock",74.5,3,0.0,16.99
264,"CA-2021-1131","2021-12-31","2022-01-06","Andrew Allen","Consumer","United States","Cambridge","Massachusetts","80101","East","Office Supplies","Supplies","Helix Stainless Steel Ruler",156.82,7,0.0,56.13
9,"CA-2022-1004","2022-01-01","2022-01-03","Dan Lawera","Consumer","United States","Pittsburgh","Pennsylvania","50306","East","Furniture","Bookcases","O'Sullivan 2-Shelf Adjustable Bookcase",1300.86,6,0.2,-106.44
344,"CA-2022-1171","2022-01-02","2022-01-05","Barry Pond","Corporate","United States","New York City","New York","59634","East","Furniture","Furnishings","DAX Clear Document Frame",144.76,2,0.0,38.96
712,"CA-2022-1355","2022-01-02","2022-01-04","Delfina Latchford","Consumer","United States","Green Bay","Wisconsin","18394","Central","Technology","Accessories","Logitech MX Master 3S Wireless Mouse",143.65,1,0.1,25.85
458,"CA-2022-1228","2022-01-03","2022-01-09","Carlos Soltero","Consumer","United States","Charlotte","North Carolina","75432","South","Office Supplies","Envelopes","Redi-Seal Security Tint Envelopes",57.97,3,0.0,19.87
915,"CA-2022-1457","2022-01-06","2022-01-09","Carlos Soltero","Consumer","United States","Lexington","Kentucky","20180","South","Office Supplies","Fasteners","Advantus Push Pins Plastic Head",251.28,8,0.0,100.35
268,"CA-2022-1133","2022-01-07","2022-01-13","Brosina Hoffman","Consumer","United States","Henderson","Kentucky","73857","South","Furniture","Tables","Bevis Round Conference Table",375.48,2,0.5,-323.11
604,"CA-2022-1301","2022-01-14","2022-01-19","Lena Creighton","Consumer","United States","Los Angeles","California","41228","West","Technology","Accessories","Dell UltraSharp 32-inch 4K Monitor",1049.64,6,0.1,238.16
697,"CA-2022-1348","2022-01-15","2022-01-21","Carlos Soltero","Consumer","United States","Virginia Beach","Virginia","84599","South","Office Supplies","Envelopes","Tyvek Tear-Proof Expandable Envelopes",58.28,2,0.0,23.61
417,"CA-2022-1208","2022-01-16","2022-01-20","Sanjit Chand","Consumer","United States","Fort Wayne","Indiana","49343","Central","Office Supplies","Envelopes","Redi-Seal Security Tint Envelopes",25.9,4,0.0,7.26
596,"CA-2022-1297","2022-01-17","2022-01-19","Harold Pawlan","Home Office","United States","Buffalo","New York","71695","East","Office Supplies","Art","Fiskars Recycled Scissors",13.56,1,0.0,5.58
981,"CA-2022-1490","2022-01-18","2022-01-23","Zuschuss Carroll","Consumer","United States","Milwaukee","Wisconsin","64499","Central","Office Supplies","Fasteners","Swingline Heavy-Duty Desk Stapler",16.23,3,0.0,7.09
1032,"CA-2022-1515","2022-01-18","2022-01-21","Sanjit Engle","Consumer","United States","Lafayette","Indiana","63895","Central","Furniture","Tables","Chromcraft Bull-Nose Wood Oval Conference Tables",400.84,1,0.4,-202.43
1098,"CA-2022-1548","2022-01-18","2022-01-23","Andrew Allen","Corporate","United States","Cleveland","Ohio","28124","East","Technology","Machines","Bady Automated Thermal Label Printer",2842.86,4,0.2,299.59
667,"CA-2022-1333","2022-01-20","2022-01-24","Eric Hoffmann","Consumer","United States","Warren","Michigan","60538","Central","Office Supplies","Paper","Southworth 25% Cotton Resume Paper",110.55,2,0.0,35.79
145,"CA-2022-1072","2022-01-21","2022-01-27","Sanjit Engle","Consumer","United States","Newark","New Jersey","72773","East","Office Supplies","Storage","Fellowes Bankers Box Stor/Drawer Steel Plus",1322.08,4,0.0,417.05
292,"CA-2022-1145","2022-01-25","2022-01-28","Matt Abelman","Home Office","United States","Dallas","Texas","98580","Central","Furniture","Chairs","Novimex Swivel Mesh Task Chair",1555.18,6,0.0,303.16
801,"CA-2022-1400","2022-01-25","2022-01-27","Alejandro Grove","Consumer","United States","Seattle","Washington","93087","West","Furniture","Furnishings","Deflect-o Desk Pad",132.65,2,0.1,35.47
898,"CA-2022-1448","2022-01-25","2022-01-30","Pauline Chand","Consumer","United States","Paterson","New Jersey","47921","East","Furniture","Tables","Bretford CR4500 Series Slim Rectangular Table",867.07,2,0.5,-657.92
490,"CA-2022-1244","2022-01-30","2022-02-03","Barry Pond","Home Office","United States","Nashville","Tennessee","98712","South","Furniture","Bookcases","Atlantic Magazine Storage Shelf Rack",640.05,3,0.2,-17.6
45,"CA-2022-1022","2022-02-02","2022-02-06","Sandra Flanagan","Consumer","United States","Boston","Massachusetts","11607","East","Furniture","Tables","Bevis Round Conference Table",1551.62,3,0.2,-144.92
718,"CA-2022-1358","2022-02-04","2022-02-08","Matt Abelman","Home Office","United States","San Antonio","Texas","20445","Central","Office Supplies","Art","Prismacolor Premiere Colored Pencils 72-Set",362.43,8,0.0,165.28
913,"CA-2022-1456","2022-02-05","2022-02-09","Mick Brown","Corporate","United States","Tampa","Florida","36946","South","Technology","Machines","Zebra GX430t Thermal Direct Desktop Printer",1305.7,3,0.0,271.74
509,"CA-2022-1254","2022-02-06","2022-02-11","Pete Kriz","Consumer","United States","Greensboro","North Carolina","78561","South","Furniture","Chairs","Hon Deluxe Fabric Upholstered Stacking Chairs",1814.89,3,0.1,197.3
760,"CA-2022-1379","2022-02-11","2022-02-16","Sandra Flanagan","Consumer","United States","Orem","Utah","84211","West","Technology","Copiers","Canon ImageCLASS 2200 Advanced Copier",9555.77,6,0.0,4542.96
769,"CA-2022-1384","2022-02-11","2022-02-17","Justin Deggeller","Home Office","United States","Chicago","Illinois","36267","Central","Office Supplies","Paper","Hammermill Premium Laser Print Paper",214.24,8,0.0,79.72
749,"CA-2022-1374","2022-02-13","2022-02-19","Barry Pond","Corporate","United States","Tucson","Arizona","92420","West","Technology","Accessories","Logitech Wireless Gaming Headset G930",927.79,6,0.1,291.22
914,"CA-2022-1456","2022-02-14","2022-02-18","Hunter Lopez","Consumer","United States","Grand Rapids","Michigan","38367","Central","Furniture","Chairs","Novimex Swivel Mesh Task Chair",1508.82,5,0.0,276.62
529,"CA-2022-1264","2022-02-15","2022-02-19","Gene Hale","Corporate","United States","Fort Worth","Texas","63183","Central","Furniture","Tables","Bretford CR4500 Series Slim Rectangular Table",1092.55,5,0.45,-725.73
206,"CA-2022-1102","2022-02-17","2022-02-21","Tamara Chand","Corporate","United States","San Francisco","California","96787","West","Technology","Accessories","Logitech Wireless Gaming Headset G930",1782.36,9,0.1,582.41
544,"CA-2022-1271","2022-02-18","2022-02-22","Matt Abelman","Consumer","United States","Miami","Florida","31895","South","Office Supplies","Binders","Avery Non-Stick Heavy Duty Ring Binders",461.52,4,0.0,124.3
677,"CA-2022-1338","2022-02-27","2022-03-02","Valerie Mitchum","Home Office","United States","Fort Wayne","Indiana","46208","Central","Technology","Accessories","Dell UltraSharp 32-inch 4K Monitor",1084.41,6,0.2,147.28
416,"CA-2022-1207","2022-03-02","2022-03-08","Odella Nelson","Home Office","United States","Miami","Florida","36117","South","Office Supplies","Storage","Tennsco Deluxe Steel Storage Cabinet 78H",636.91,3,0.0,181.67
643,"CA-2022-1321","2022-03-06","2022-03-12","Claire Gute","Consumer","United States","Aurora","Illinois","56101","Central","Office Supplies","Envelopes","Self-Seal White Catalog Envelopes #10",292.97,8,0.1,88.28
22,"CA-2022-1010","2022-03-07","2022-03-09","Patrick O'Donnell","Consumer","United States","Norfolk","Virginia","63964","South","Furniture","Chairs","Herman Miller Aeron Ergonomic Office Chair",1840.78,3,0.2,-38.03
870,"CA-2022-1434","2022-03-07","2022-03-09","Denny Ward","Consumer","United States","Detroit","Michigan","76269","Central","Office Supplies","Supplies","Acme Forged Carbon Steel Scissors",26.52,1,0.0,8.24
1174,"CA-2022-1586","2022-03-09","2022-03-13","Roy Skaria","Corporate","United States","Cincinnati","Ohio","31091","East","Office Supplies","Storage","Fellowes Bankers Box Stor/Drawer Steel Plus",67.58,1,0.0,17.74
1200,"CA-2022-1599","2022-03-10","2022-03-14","Sanjit Chand","Consumer","United States","Lafayette","Indiana","54521","Central","Office Supplies","Supplies","Acme Forged Carbon Steel Scissors",51.99,2,0.0,19.93
504,"CA-2022-1251","2022-03-12","2022-03-18","Linda Cazamias","Home Office","United States","Salt Lake City","Utah","90012","West","Office Supplies","Art","Prismacolor Premiere Colored Pencils 72-Set",539.42,9,0.0,245.79
880,"CA-2022-1439","2022-03-13","2022-03-15","Lena Creighton","Consumer","United States","Fort Wayne","Indiana","29925","Central","Office Supplies","Appliances","Cuisinart Microwave Oven w/ Grill",864.9,5,0.1,215.56
755,"CA-2022-1377","2022-03-14","2022-03-17","Valerie Mitchum","Home Office","United States","Spokane","Washington","43260","West","Office Supplies","Envelopes","Tyvek Tear-Proof Expandable Envelopes",37.24,1,0.0,12.87
250,"CA-2022-1124","2022-03-18","2022-03-21","Tamara Chand","Corporate","United States","Jacksonville","Florida","82512","South","Furniture","Furnishings","Deflect-o Desk Pad",301.17,9,0.0,87.27
1013,"CA-2022-1506","2022-03-20","2022-03-24","Harold Pawlan","Home Office","United States","Cleveland","Ohio","13525","East","Furniture","Furnishings","DAX Clear Document Frame",572.0,6,0.0,171.68
85,"CA-2022-1042","2022-03-30","2022-04-02","Andrew Allen","Consumer","United States","Mesa","Arizona","32740","West","Furniture","Tables","Balt Solid Wood Workstation Training Table",767.32,3,0.3,-257.98
1050,"CA-2022-1524","2022-04-02","2022-04-05","Tom Prescott","Consumer","United States","Norfolk","Virginia","93917","South","Furniture","Furnishings","Nu-Dell Wood Desk Tray",95.2,1,0.2,10.13
1079,"CA-2022-1539","2022-04-03","2022-04-09","Harold Pawlan","Home Office","United States","Columbus","Georgia","12048","South","Furniture","Furnishings","Nu-Dell Wood Desk Tray",520.32,5,0.1,156.63
125,"CA-2022-1062","2022-04-06","2022-04-10","Tom Prescott","Consumer","United States","Jersey City","New Jersey","61712","East","Office Supplies","Appliances","Hamilton Beach Commercial Toaster",652.69,5,0.3,-5.08
848,"CA-2022-1423","2022-04-08","2022-04-11","Zuschuss Donatelli","Consumer","United States","Tucson","Arizona","92215","West","Office Supplies","Fasteners","Advantus Push Pins Plastic Head",95.97,7,0.1,30.25
92,"CA-2022-1045","2022-04-09","2022-04-12","Andrew Allen","Consumer","United States","Mesa","Arizona","30218","West","Technology","Phones","Apple iPhone 15 Pro Max 256GB",4144.68,6,0.2,480.29
4,"CA-2022-1001","2022-04-12","2022-04-14","Tracy Blumstein","Consumer","United States","Columbus","Georgia","89840","South","Technology","Copiers","Hewlett Packard LaserJet Multifunction Copier",8423.76,6,0.0,3795.12
813,"CA-2022-1406","2022-04-12","2022-04-16","Emily Phan","Consumer","United States","Warren","Michigan","16295","Central","Technology","Phones","Apple iPhone 14 128GB Midnight",1119.31,2,0.2,89.69
799,"CA-2022-1399","2022-04-13","2022-04-17","Zuschuss Carroll","Home Office","United States","Provo","Utah","17336","West","Furniture","Tables","Boxer Modern Wood End Table 2-Pack",5706.89,9,0.2,-686.45
807,"CA-2022-1403","2022-04-14","2022-04-19","Ruben Dartt","Consumer","United States","Warren","Michigan","10743","Central","Office Supplies","Appliances","Fellowes Powershred 99Ci Paper Shredder",830.76,5,0.3,-34.23
1145,"CA-2022-1572","2022-04-14","2022-04-16","Hunter Lopez","Consumer","United States","Charlotte","North Carolina","66122","South","Furniture","Chairs","Herman Miller Aeron Ergonomic Office Chair",968.56,5,0.3,-18.42
1019,"CA-2022-1509","2022-04-16","2022-04-22","Pete Kriz","Consumer","United States","Henderson","Kentucky","41520","South","Technology","Accessories","Logitech Wireless Gaming Headset G930",662.9,9,0.0,252.81
694,"CA-2022-1346","2022-04-20","2022-04-23","Harold Pawlan","Home Office","United States","Jersey City","New Jersey","67872","East","Furniture","Bookcases","O'Sullivan 2-Shelf Adjustable Bookcase",700.33,5,0.0,161.14
853,"CA-2022-1426","2022-04-22","2022-04-28","Anthony Jacobs","Home Office","United States","Naperville","Illinois","79438","Central","Furniture","Tables","Boxer Modern Wood End Table 2-Pack",1187.58,2,0.2,-212.12
920,"CA-2022-1459","2022-04-26","2022-04-28","Raymond Buch","Home Office","United States","Norfolk","Virginia","71928","South","Office Supplies","Binders","Avery Non-Stick Heavy Duty Ring Binders",195.09,5,0.2,41.36
29,"CA-2022-1014","2022-04-27","2022-04-30","Emily Phan","Consumer","United States","Paterson","New Jersey","41979","East","Furniture","Furnishings","Deflect-o Desk Pad",293.87,4,0.2,25.39
1162,"CA-2022-1580","2022-04-27","2022-05-01","Erin Smith","Corporate","United States","Mesa","Arizona","35557","West","Furniture","Furnishings","DAX Clear Document Frame",688.13,7,0.0,232.56
456,"CA-2022-1227","2022-04-28","2022-05-01","Lena Creighton","Consumer","United States","Miami","Florida","88275","South","Office Supplies","Paper","Hammermill Premium Laser Print Paper",269.49,7,0.1,96.61
1120,"CA-2022-1559","2022-04-29","2022-05-05","Andrew Allen","Consumer","United States","Indianapolis","Indiana","14967","Central","Office Supplies","Binders","Avery Non-Stick Heavy Duty Ring Binders",172.55,6,0.7,-253.95
449,"CA-2022-1224","2022-04-30","2022-05-05","Claire Gute","Consumer","United States","Columbus","Georgia","92752","South","Furniture","Chairs","Steelcase Gesture Ergonomic Office Chair",2104.46,4,0.3,-293.32
1075,"CA-2022-1537","2022-05-02","2022-05-06","Darrin Van Huff","Corporate","United States","Madison","Wisconsin","81010","Central","Technology","Copiers","Sharp AL-1530CS Digital Copier",852.08,1,0.0,314.18
986,"CA-2022-1492","2022-05-05","2022-05-10","Brosina Hoffman","Consumer","United States","Lafayette","Indiana","96676","Central","Office Supplies","Labels","Avery File Folder Labels",25.85,1,0.2,6.33
865,"CA-2022-1432","2022-05-08","2022-05-12","Sandra Flanagan","Consumer","United States","Cambridge","Massachusetts","99180","East","Furniture","Chairs","Herman Miller Aeron Ergonomic Office Chair",1638.66,4,0.3,-196.29
146,"CA-2022-1072","2022-05-12","2022-05-15","Mick Brown","Consumer","United States","Grand Rapids","Michigan","71080","Central","Office Supplies","Envelopes","Brown Kraft Clasp Envelopes 9x12",87.24,5,0.1,27.39
144,"CA-2022-1071","2022-05-13","2022-05-17","Raymond Buch","Corporate","United States","Naperville","Illinois","19539","Central","Technology","Accessories","Logitech Wireless Gaming Headset G930",580.46,5,0.0,197.79
794,"CA-2022-1396","2022-05-13","2022-05-16","Gene Hale","Home Office","United States","Eugene","Oregon","43806","West","Furniture","Tables","Balt Solid Wood Workstation Training Table",1876.7,5,0.45,-1252.04
840,"CA-2022-1419","2022-05-13","2022-05-16","Arthur Prichep","Consumer","United States","Naperville","Illinois","88861","Central","Office Supplies","Envelopes","Redi-Seal Security Tint Envelopes",475.84,9,0.0,196.76
1066,"CA-2022-1532","2022-05-13","2022-05-19","Sandra Flanagan","Consumer","United States","Milwaukee","Wisconsin","81381","Central","Office Supplies","Binders","Acco Flexible Heavy-Duty Prong Fasteners",277.19,8,0.7,-411.54
1132,"CA-2022-1565","2022-05-13","2022-05-18","Steve Nguyen","Home Office","United States","Buffalo","New York","67135","East","Office Supplies","Envelopes","Redi-Seal Security Tint Envelopes",389.86,9,0.0,126.93
1052,"CA-2022-1525","2022-05-15","2022-05-21","Alejandro Grove","Consumer","United States","Salt Lake City","Utah","54740","West","Office Supplies","Fasteners","Staples Box Binder Clips",147.48,3,0.1,48.05
524,"CA-2022-1261","2022-05-16","2022-05-22","Arthur Prichep","Home Office","United States","Austin","Texas","37425","Central","Furniture","Bookcases","Riverside Palais Royal Lawyers Bookcase",776.15,3,0.35,-124.32
483,"CA-2022-1241","2022-05-18","2022-05-23","Odella Nelson","Corporate","United States","Rochester","New York","39908","East","Office Supplies","Fasteners","Swingline Heavy-Duty Desk Stapler",48.02,4,0.1,17.65
651,"CA-2022-1325","2022-05-18","2022-05-23","Tom Prescott","Consumer","United States","Salt Lake City","Utah","24034","West","Furniture","Bookcases","O'Sullivan 2-Shelf Adjustable Bookcase",277.65,2,0.0,66.78
988,"CA-2022-1493","2022-05-18","2022-05-20","Harold Pawlan","Home Office","United States","Austin","Texas","57373","Central","Technology","Copiers","Sharp AL-1530CS Digital Copier",7020.37,3,0.0,2672.05
291,"CA-2022-1145","2022-05-24","2022-05-29","Ken Lonsdale","Corporate","United States","Naperville","Illinois","99536","Central","Furniture","Furnishings","DAX Clear Document Frame",251.14,6,0.0,76.16
1134,"CA-2022-1566","2022-05-24","2022-05-30","Dan Lawera","Consumer","United States","Newark","New Jersey","15739","East","Furniture","Chairs","Global High Back Tilter Chair",4889.49,7,0.1,694.53
843,"CA-2022-1421","2022-05-25","2022-05-27","Erin Smith","Corporate","United States","Dallas","Texas","21648","Central","Technology","Copiers","Sharp AL-1530CS Digital Copier",11489.29,6,0.1,3520.94
953,"CA-2022-1476","2022-05-25","2022-05-28","Valerie Mitchum","Home Office","United States","Jacksonville","Florida","12686","South","Furniture","Bookcases","Atlantic Magazine Storage Shelf Rack",153.47,1,0.35,-43.71
711,"CA-2022-1355","2022-05-27","2022-05-31","Odella Nelson","Corporate","United States","Tucson","Arizona","44670","West","Office Supplies","Storage","Safco Executive Mobile File Cart",70.68,1,0.1,13.21
1002,"CA-2022-1500","2022-05-27","2022-05-29","Ken Lonsdale","Corporate","United States","Boston","Massachusetts","64179","East","Technology","Phones","Apple iPhone 15 Pro Max 256GB",3008.26,4,0.0,976.17
432,"CA-2022-1215","2022-05-29","2022-06-01","Dan Lawera","Consumer","United States","Los Angeles","California","49682","West","Furniture","Furnishings","Eldon Expressions Wood Desk Accessories",174.79,3,0.0,56.33
442,"CA-2022-1220","2022-05-30","2022-06-04","Zuschuss Carroll","Consumer","United States","Buffalo","New York","84202","East","Technology","Machines","Zebra GX430t Thermal Direct Desktop Printer",2983.31,8,0.4,-767.26
90,"CA-2022-1044","2022-06-01","2022-06-07","Zuschuss Donatelli","Consumer","United States","Cambridge","Massachusetts","26750","East","Technology","Machines","Zebra GX430t Thermal Direct Desktop Printer",1074.4,2,0.2,8.73
639,"CA-2022-1319","2022-06-01","2022-06-03","Zuschuss Donatelli","Corporate","United States","Provo","Utah","54829","West","Office Supplies","Fasteners","Advantus Push Pins Plastic Head",68.06,5,0.1,14.43
929,"CA-2022-1464","2022-06-01","2022-06-03","Matt Abelman","Home Office","United States","Eugene","Oregon","38384","West","Technology","Copiers","Hewlett Packard LaserJet Multifunction Copier",6180.35,8,0.1,2035.89
922,"CA-2022-1460","2022-06-03","2022-06-07","Patrick O'Donnell","Consumer","United States","Norfolk","Virginia","88484","South","Furniture","Bookcases","Riverside Palais Royal Lawyers Bookcase",3223.74,9,0.15,370.74
470,"CA-2022-1234","2022-06-06","2022-06-12","Darrin Van Huff","Home Office","United States","Charlotte","North Carolina","69637","South","Office Supplies","Labels","Self-Adhesive Address Labels for Laser Printers",298.04,7,0.2,51.98
945,"CA-2022-1472","2022-06-06","2022-06-10","Pete Kriz","Consumer","United States","Miami","Florida","76993","South","Furniture","Tables","BPI Wood Laminate Conference Table 96x42",4100.76,8,0.4,-2015.77
1135,"CA-2022-1567","2022-06-06","2022-06-12","Harold Pawlan","Home Office","United States","Spokane","Washington","51665","West","Office Supplies","Storage","Tennsco Deluxe Steel Storage Cabinet 78H",291.06,3,0.2,26.9
821,"CA-2022-1410","2022-06-07","2022-06-12","Darrin Van Huff","Corporate","United States","Orlando","Florida","21069","South","Office Supplies","Storage","Fellowes Bankers Box Stor/Drawer Steel Plus",2332.69,7,0.0,649.05
928,"CA-2022-1463","2022-06-08","2022-06-13","Justin Deggeller","Corporate","United States","Eugene","Oregon","72242","West","Technology","Machines","Bady Automated Thermal Label Printer",2424.84,7,0.0,541.02
480,"CA-2022-1239","2022-06-13","2022-06-17","Tom Prescott","Home Office","United States","Fort Worth","Texas","24539","Central","Technology","Phones","Apple iPhone 15 Pro Max 256GB",718.91,1,0.2,59.01
32,"CA-2022-1015","2022-06-15","2022-06-19","Tom Prescott","Consumer","United States","Louisville","Kentucky","20561","South","Office Supplies","Supplies","Fiskars Commercial Grade Rotary Trimmer",71.59,5,0.2,13.17
561,"CA-2022-1280","2022-06-16","2022-06-21","Delfina Latchford","Consumer","United States","Seattle","Washington","40773","West","Office Supplies","Art","Fiskars Recycled Scissors",32.36,2,0.2,6.01
664,"CA-2022-1331","2022-06-16","2022-06-18","Pete Kriz","Corporate","United States","Orem","Utah","26552","West","Technology","Machines","HP DesignJet Large-Format Color Plotter",4229.49,3,0.0,1004.58
272,"CA-2022-1135","2022-06-18","2022-06-24","Roy Skaria","Corporate","United States","Cambridge","Massachusetts","75820","East","Furniture","Tables","Chromcraft Bull-Nose Wood Oval Conference Tables",2643.77,8,0.4,-1502.3
720,"CA-2022-1359","2022-06-18","2022-06-22","Erin Smith","Corporate","United States","Richmond","Virginia","64870","South","Technology","Machines","Zebra GX430t Thermal Direct Desktop Printer",4055.06,3,0.0,617.69
774,"CA-2022-1386","2022-06-19","2022-06-24","Sandra Flanagan","Home Office","United States","Portland","Oregon","60330","West","Office Supplies","Art","Fiskars Recycled Scissors",11.08,1,0.2,1.47
1156,"CA-2022-1577","2022-06-21","2022-06-27","Eric Hoffmann","Consumer","United States","Aurora","Illinois","41578","Central","Technology","Accessories","Logitech MX Master 3S Wireless Mouse",470.11,9,0.1,128.64
709,"CA-2022-1354","2022-06-22","2022-06-28","Eric Hoffmann","Consumer","United States","Fort Wayne","Indiana","80092","Central","Office Supplies","Labels","Self-Adhesive Address Labels for Laser Printers",237.11,9,0.0,100.59
938,"CA-2022-1468","2022-06-22","2022-06-27","Sean O'Donnell","Consumer","United States","Fort Lauderdale","Florida","72831","South","Technology","Copiers","Sharp AL-1530CS Digital Copier",14647.54,8,0.0,7031.41
935,"CA-2022-1467","2022-06-23","2022-06-26","Arthur Prichep","Consumer","United States","Seattle","Washington","24778","West","Furniture","Tables","Chromcraft Bull-Nose Wood Oval Conference Tables",1163.88,7,0.2,-209.5
436,"CA-2022-1217","2022-06-24","2022-06-29","Sonia Cooley","Consumer","United States","Detroit","Michigan","91940","Central","Furniture","Bookcases","Sauder Heritage Hill 5-Shelf Bookcase",1332.64,6,0.0,288.47
721,"CA-2022-1360","2022-06-24","2022-06-29","Maria Etezadi","Consumer","United States","Fort Lauderdale","Florida","26705","South","Furniture","Chairs","Novimex Swivel Mesh Task Chair",5709.86,9,0.2,760.81
666,"CA-2022-1332","2022-06-25","2022-06-27","Patrick O'Donnell","Consumer","United States","Allentown","Pennsylvania","60470","East","Furniture","Bookcases","Atlantic Magazine Storage Shelf Rack",113.34,1,0.35,-24.9
943,"CA-2022-1471","2022-06-25","2022-06-28","Tom Prescott","Consumer","United States","Boston","Massachusetts","78172","East","Technology","Copiers","Canon imageCLASS MF743Cdw All-in-One",9690.78,9,0.2,3267.06
378,"CA-2022-1188","2022-06-26","2022-06-28","Brosina Hoffman","Corporate","United States","Columbus","Georgia","11554","South","Technology","Accessories","Logitech MX Master 3S Wireless Mouse",767.41,7,0.2,68.85
845,"CA-2022-1422","2022-06-27","2022-07-02","Patrick O'Donnell","Consumer","United States","Atlanta","Georgia","94188","South","Furniture","Tables","Bretford CR4500 Series Slim Rectangular Table",332.85,2,0.5,-278.9
1150,"CA-2022-1574","2022-06-27","2022-06-30","Ruben Dartt","Home Office","United States","Cleveland","Ohio","50042","East","Office Supplies","Appliances","Honeywell True HEPA Air Purifier HPA300",73.3,1,0.2,13.08
1083,"CA-2022-1541","2022-06-29","2022-07-02","Hunter Lopez","Consumer","United States","Salt Lake City","Utah","87559","West","Furniture","Tables","Chromcraft Bull-Nose Wood Oval Conference Tables",2995.54,8,0.2,-363.5
1055,"CA-2022-1527","2022-07-01","2022-07-04","Matt Abelman","Home Office","United States","Fort Wayne","Indiana","97518","Central","Technology","Phones","Mitel 5320 IP Phone",1754.68,3,0.0,409.83
734,"CA-2022-1366","2022-07-03","2022-07-08","Brosina Hoffman","Consumer","United States","Warren","Michigan","45168","Central","Office Supplies","Fasteners","OIC Steel Paper Clips",227.09,8,0.0,75.43
467,"CA-2022-1233","2022-07-04","2022-07-09","Irene Maddox","Consumer","United States","Indianapolis","Indiana","94883","Central","Office Supplies","Fasteners","Staples Box Binder Clips",33.23,1,0.0,15.77
526,"CA-2022-1262","2022-07-04","2022-07-10","Raymond Buch","Consumer","United States","Newark","New Jersey","43361","East","Office Supplies","Binders","Wilson Jones Continuous Form Binder",677.47,7,0.1,198.93
744,"CA-2022-1371","2022-07-04","2022-07-10","Craig Carreira","Consumer","United States","Savannah","Georgia","20673","South","Furniture","Tables","BPI Wood Laminate Conference Table 96x42",1792.33,8,0.6,-2079.7
942,"CA-2022-1470","2022-07-04","2022-07-08","Harry Marie","Corporate","United States","Detroit","Michigan","46506","Central","Technology","Accessories","Dell UltraSharp 32-inch 4K Monitor",304.99,5,0.2,38.22
372,"CA-2022-1185","2022-07-06","2022-07-12","Denny Ward","Consumer","United States","Tucson","Arizona","46624","West","Technology","Copiers","Canon ImageCLASS 2200 Advanced Copier",15583.71,8,0.2,3155.89
307,"CA-2022-1153","2022-07-11","2022-07-17","Steve Nguyen","Home Office","United States","Seattle","Washington","52027","West","Office Supplies","Art","Fiskars Recycled Scissors",159.74,8,0.0,64.62
763,"CA-2022-1381","2022-07-13","2022-07-16","Linda Cazamias","Corporate","United States","Atlanta","Georgia","92709","South","Office Supplies","Appliances","Hamilton Beach Commercial Toaster",878.13,6,0.3,4.31
1142,"CA-2022-1570","2022-07-16","2022-07-22","Sonia Cooley","Consumer","United States","Nashville","Tennessee","51254","South","Office Supplies","Fasteners","Swingline Heavy-Duty Desk Stapler",17.37,3,0.0,7.61
1026,"CA-2022-1512","2022-07-18","2022-07-23","Valerie Mitchum","Home Office","United States","Newark","New Jersey","32313","East","Office Supplies","Envelopes","Tyvek Tear-Proof Expandable Envelopes",151.96,6,0.0,44.04
1022,"CA-2022-1510","2022-07-20","2022-07-24","Darrin Van Huff","Consumer","United States","Los Angeles","California","67537","West","Furniture","Tables","Chromcraft Bull-Nose Wood Oval Conference Tables",412.55,2,0.2,-67.53
184,"CA-2022-1091","2022-07-22","2022-07-25","Sanjit Chand","Consumer","United States","Naperville","Illinois","74865","Central","Office Supplies","Binders","Acco Flexible Heavy-Duty Prong Fasteners",262.16,9,0.0,86.08
431,"CA-2022-1215","2022-07-25","2022-07-31","Arthur Prichep","Consumer","United States","Columbus","Georgia","26015","South","Technology","Machines","Epson WorkForce Pro WF-C5790",5712.02,9,0.0,1514.83
741,"CA-2022-1370","2022-07-25","2022-07-31","Chuck Clark","Home Office","United States","Eugene","Oregon","40423","West","Office Supplies","Envelopes","Self-Seal White Catalog Envelopes #10",124.73,8,0.1,51.98
830,"CA-2022-1414","2022-07-27","2022-08-02","Odella Nelson","Corporate","United States","Cambridge","Massachusetts","44454","East","Office Supplies","Envelopes","Redi-Seal Security Tint Envelopes",66.79,2,0.2,12.4
1033,"CA-2022-1516","2022-07-28","2022-08-03","Denny Ward","Consumer","United States","Tacoma","Washington","53457","West","Furniture","Tables","Chromcraft Bull-Nose Wood Oval Conference Tables",3716.2,9,0.4,-1846.48
1012,"CA-2022-1505","2022-07-29","2022-08-03","Eric Hoffmann","Consumer","United States","San Diego","California","74166","West","Technology","Accessories","Logitech Wireless Gaming Headset G930",1465.07,8,0.0,485.17
459,"CA-2022-1229","2022-07-30","2022-08-04","Linda Cazamias","Corporate","United States","Fort Wayne","Indiana","82833","Central","Technology","Copiers","Sharp AL-1530CS Digital Copier",4009.27,3,0.0,2001.37
618,"CA-2022-1308","2022-08-01","2022-08-07","Odella Nelson","Consumer","United States","Phoenix","Arizona","97460","West","Furniture","Furnishings","Nu-Dell Wood Desk Tray",479.77,6,0.0,154.63
282,"CA-2022-1140","2022-08-04","2022-08-10","Anthony Jacobs","Corporate","United States","Sacramento","California","63588","West","Technology","Phones","Polycom SoundPoint Pro SE-225 Phone",461.27,1,0.1,67.05
1039,"CA-2022-1519","2022-08-04","2022-08-10","Pete Kriz","Consumer","United States","Jacksonville","Florida","19994","South","Technology","Accessories","Logitech MX Master 3S Wireless Mouse",996.57,6,0.0,300.83
299,"CA-2022-1149","2022-08-06","2022-08-12","Carlos Soltero","Consumer","United States","Tampa","Florida","65288","South","Technology","Copiers","Sharp AL-1530CS Digital Copier",6828.11,3,0.0,3045.93
463,"CA-2022-1231","2022-08-06","2022-08-08","Mick Brown","Consumer","United States","Salt Lake City","Utah","53178","West","Furniture","Bookcases","Atlantic Magazine Storage Shelf Rack",2071.36,8,0.0,505.78
645,"CA-2022-1322","2022-08-07","2022-08-12","Dan Lawera","Consumer","United States","Los Angeles","California","93037","West","Furniture","Bookcases","O'Sullivan 2-Shelf Adjustable Bookcase",954.0,7,0.0,207.48
359,"CA-2022-1179","2022-08-10","2022-08-14","Tom Prescott","Consumer","United States","Salt Lake City","Utah","37076","West","Furniture","Tables","Bretford CR4500 Series Slim Rectangular Table",696.65,1,0.2,-81.89
305,"CA-2022-1152","2022-08-11","2022-08-13","Hunter Lopez","Consumer","United States","Atlanta","Georgia","63967","South","Office Supplies","Storage","Iris Plastic Utility Storage Bins",1147.99,4,0.0,305.12
455,"CA-2022-1227","2022-08-13","2022-08-18","Alejandro Grove","Consumer","United States","Columbus","Ohio","44314","East","Office Supplies","Binders","Fellowes Binding Combs 3/8in",145.14,3,0.1,28.9
370,"CA-2022-1184","2022-08-14","2022-08-17","Alejandro Grove","Home Office","United States","Tacoma","Washington","89223","West","Office Supplies","Fasteners","Advantus Push Pins Plastic Head",22.58,2,0.1,8.56
560,"CA-2022-1279","2022-08-14","2022-08-17","Sandra Flanagan","Consumer","United States","Pittsburgh","Pennsylvania","35150","East","Furniture","Bookcases","Atlantic Magazine Storage Shelf Rack",560.91,4,0.15,-14.74
379,"CA-2022-1189","2022-08-15","2022-08-20","Valerie Mitchum","Home Office","United States","Sacramento","California","43468","West","Technology","Copiers","Sharp AL-1530CS Digital Copier",6847.22,5,0.0,2670.85
412,"CA-2022-1205","2022-08-17","2022-08-23","Zuschuss Carroll","Home Office","United States","Savannah","Georgia","62642","South","Furniture","Furnishings","Eldon Expressions Wood Desk Accessories",263.4,3,0.0,58.22
241,"CA-2022-1120","2022-08-19","2022-08-23","Pauline Chand","Consumer","United States","Los Angeles","California","22183","West","Furniture","Chairs","Steelcase Gesture Ergonomic Office Chair",3725.61,6,0.2,529.56
636,"CA-2022-1317","2022-08-19","2022-08-25","Mick Brown","Consumer","United States","Jersey City","New Jersey","24302","East","Technology","Phones","Samsung Galaxy S23 Ultra 512GB",3698.83,8,0.2,371.12
162,"CA-2022-1080","2022-08-20","2022-08-25","Denny Ward","Consumer","United States","Madison","Wisconsin","70505","Central","Office Supplies","Appliances","Avanti Single-Door Compact Refrigerator",1196.5,4,0.0,348.1
535,"CA-2022-1267","2022-08-20","2022-08-22","Barry Pond","Home Office","United States","Spokane","Washington","60986","West","Office Supplies","Fasteners","Advantus Push Pins Plastic Head",24.21,2,0.0,8.81
193,"CA-2022-1096","2022-08-21","2022-08-25","Maria Etezadi","Home Office","United States","Savannah","Georgia","40539","South","Office Supplies","Binders","Acco Flexible Heavy-Duty Prong Fasteners",99.45,4,0.0,43.41
732,"CA-2022-1365","2022-08-22","2022-08-27","Craig Carreira","Consumer","United States","Fort Wayne","Indiana","64997","Central","Office Supplies","Art","Prismacolor Premiere Colored Pencils 72-Set",115.92,2,0.0,53.25
139,"CA-2022-1069","2022-09-04","2022-09-10","Pauline Chand","Consumer","United States","Pittsburgh","Pennsylvania","14222","East","Office Supplies","Paper","Hammermill Premium Laser Print Paper",226.23,4,0.0,96.15
232,"CA-2022-1115","2022-09-04","2022-09-07","Alejandro Grove","Consumer","United States","Green Bay","Wisconsin","51079","Central","Office Supplies","Paper","Hammermill Premium Laser Print Paper",143.53,3,0.0,54.19
466,"CA-2022-1232","2022-09-04","2022-09-09","Maria Etezadi","Home Office","United States","Indianapolis","Indiana","72447","Central","Office Supplies","Art","Boston School Pro Electric Pencil Sharpener",129.54,9,0.1,38.73
1165,"CA-2022-1582","2022-09-05","2022-09-07","Tamara Chand","Corporate","United States","Boston","Massachusetts","45240","East","Office Supplies","Envelopes","Brown Kraft Clasp Envelopes 9x12",43.1,2,0.2,13.13
121,"CA-2022-1060","2022-09-06","2022-09-08","Lena Creighton","Consumer","United States","Eugene","Oregon","16731","West","Technology","Phones","Polycom SoundPoint Pro SE-225 Phone",3486.97,8,0.0,1040.3
425,"CA-2022-1212","2022-09-10","2022-09-12","Craig Carreira","Home Office","United States","Columbus","Ohio","85989","East","Furniture","Tables","Bretford CR4500 Series Slim Rectangular Table",362.27,2,0.4,-166.27
227,"CA-2022-1113","2022-09-11","2022-09-17","Mick Brown","Consumer","United States","Mesa","Arizona","46239","West","Office Supplies","Envelopes","Brown Kraft Clasp Envelopes 9x12",213.21,5,0.0,80.24
980,"CA-2022-1489","2022-09-12","2022-09-15","Roy Skaria","Corporate","United States","San Antonio","Texas","61060","Central","Furniture","Tables","Bretford CR4500 Series Slim Rectangular Table",133.18,1,0.4,-58.75
112,"CA-2022-1055","2022-09-13","2022-09-15","Chuck Clark","Home Office","United States","Allentown","Pennsylvania","94076","East","Technology","Copiers","Canon imageCLASS MF743Cdw All-in-One",2202.9,1,0.0,780.39
1006,"CA-2022-1502","2022-09-13","2022-09-18","Emily Phan","Consumer","United States","Madison","Wisconsin","94570","Central","Office Supplies","Paper","Xerox 1980 High Performance Color Paper",116.39,4,0.0,35.7
488,"CA-2022-1243","2022-09-15","2022-09-21","Pete Kriz","Consumer","United States","Warren","Michigan","49054","Central","Technology","Copiers","Canon ImageCLASS 2200 Advanced Copier",1877.54,1,0.1,816.11
675,"CA-2022-1337","2022-09-16","2022-09-20","Delfina Latchford","Consumer","United States","Fort Wayne","Indiana","53743","Central","Technology","Machines","HP DesignJet Large-Format Color Plotter",4082.4,6,0.2,378.45
494,"CA-2022-1246","2022-09-17","2022-09-20","Sandra Flanagan","Consumer","United States","Miami","Florida","69293","South","Technology","Copiers","Canon ImageCLASS 2200 Advanced Copier",1207.9,1,0.2,356.27
1091,"CA-2022-1545","2022-09-17","2022-09-19","Valerie Mitchum","Home Office","United States","Phoenix","Arizona","13175","West","Office Supplies","Storage","Tennsco Deluxe Steel Storage Cabinet 78H",278.71,3,0.1,51.51
616,"CA-2022-1307","2022-09-22","2022-09-25","Matt Abelman","Home Office","United States","Indianapolis","Indiana","28590","Central","Furniture","Bookcases","Bush Somerset Collection Bookcase",1192.57,9,0.35,-299.98
353,"CA-2022-1176","2022-09-23","2022-09-29","Erin Smith","Corporate","United States","Orem","Utah","72193","West","Office Supplies","Labels","Avery 5160 Easy Peel Address Labels",83.44,4,0.1,22.95
337,"CA-2022-1168","2022-09-25","2022-10-01","Alejandro Grove","Consumer","United States","Columbus","Ohio","29073","East","Office Supplies","Art","Sanford Liquid Accent Highlighters",514.56,9,0.0,156.26
358,"CA-2022-1178","2022-09-29","2022-10-05","Irene Maddox","Consumer","United States","Sacramento","California","35237","West","Technology","Copiers","Canon ImageCLASS 2200 Advanced Copier",9430.23,5,0.0,3597.41
1040,"CA-2022-1519","2022-09-30","2022-10-02","Bill Stewart","Corporate","United States","Naperville","Illinois","28257","Central","Office Supplies","Binders","GBC VeloBind System Two Electric Punch Bind",94.29,7,0.8,-226.95
571,"CA-2022-1285","2022-10-04","2022-10-10","Maria Etezadi","Consumer","United States","Jersey City","New Jersey","61814","East","Office Supplies","Appliances","Cuisinart Microwave Oven w/ Grill",2930.26,9,0.0,869.7
1186,"CA-2022-1592","2022-10-05","2022-10-11","Patrick O'Donnell","Consumer","United States","San Francisco","California","55485","West","Office Supplies","Labels","Self-Adhesive Address Labels for Laser Printers",66.63,6,0.0,21.52
1163,"CA-2022-1581","2022-10-07","2022-10-13","Erin Smith","Corporate","United States","Los Angeles","California","53178","West","Furniture","Bookcases","Atlantic Magazine Storage Shelf Rack",2355.36,7,0.2,-234.19
102,"CA-2022-1050","2022-10-09","2022-10-15","Mick Brown","Consumer","United States","Atlanta","Georgia","45811","South","Technology","Accessories","Dell UltraSharp 32-inch 4K Monitor",1189.94,6,0.1,207.8
334,"CA-2022-1166","2022-10-09","2022-10-15","Kelly Lampkin","Consumer","United States","Norfolk","Virginia","12408","South","Furniture","Bookcases","Sauder Heritage Hill 5-Shelf Bookcase",1581.44,9,0.15,62.68
476,"CA-2022-1237","2022-10-09","2022-10-13","Raymond Buch","Consumer","United States","Tampa","Florida","71504","South","Technology","Copiers","Sharp AL-1530CS Digital Copier",5847.6,7,0.0,2299.28
1018,"CA-2022-1508","2022-10-09","2022-10-12","Sanjit Engle","Consumer","United States","Spokane","Washington","17050","West","Office Supplies","Fasteners","OIC Steel Paper Clips",106.22,2,0.0,32.19
270,"CA-2022-1134","2022-10-10","2022-10-13","Claire Gute","Consumer","United States","Jersey City","New Jersey","73828","East","Office Supplies","Paper","Hammermill Premium Laser Print Paper",243.65,8,0.0,85.7
949,"CA-2022-1474","2022-10-11","2022-10-14","Valerie Mitchum","Home Office","United States","Seattle","Washington","41722","West","Technology","Copiers","Sharp AL-1530CS Digital Copier",1925.32,2,0.0,918.0
450,"CA-2022-1224","2022-10-12","2022-10-17","Craig Carreira","Consumer","United States","Knoxville","Tennessee","56118","South","Office Supplies","Appliances","Fellowes Powershred 99Ci Paper Shredder",770.06,2,0.0,239.34
369,"CA-2022-1184","2022-10-14","2022-10-19","Valerie Mitchum","Home Office","United States","Pittsburgh","Pennsylvania","30220","East","Furniture","Chairs","Novimex Swivel Mesh Task Chair",3627.61,7,0.3,-360.48
649,"CA-2022-1324","2022-10-14","2022-10-19","Tracy Blumstein","Consumer","United States","Tucson","Arizona","13360","West","Technology","Copiers","Canon imageCLASS MF743Cdw All-in-One",7238.37,3,0.0,2754.66
212,"CA-2022-1105","2022-10-15","2022-10-17","Andrew Allen","Consumer","United States","Greensboro","North Carolina","89602","South","Furniture","Bookcases","Riverside Palais Royal Lawyers Bookcase",2356.72,8,0.15,72.29
885,"CA-2022-1442","2022-10-15","2022-10-17","Raymond Buch","Consumer","United States","Grand Rapids","Michigan","96430","Central","Office Supplies","Appliances","Avanti Single-Door Compact Refrigerator",1251.25,5,0.3,33.55
665,"CA-2022-1332","2022-10-16","2022-10-22","Anthony Jacobs","Corporate","United States","Mesa","Arizona","22032","West","Furniture","Furnishings","Deflect-o Desk Pad",260.96,5,0.0,86.53
706,"CA-2022-1352","2022-10-16","2022-10-22","Harold Pawlan","Corporate","United States","Atlanta","Georgia","58809","South","Furniture","Chairs","Novimex Swivel Mesh Task Chair",1453.83,4,0.0,374.24
784,"CA-2022-1391","2022-10-17","2022-10-22","Zuschuss Donatelli","Consumer","United States","Greensboro","North Carolina","92756","South","Technology","Accessories","SanDisk Ultra 128GB MicroSDXC UHS-I",629.82,7,0.0,160.51
573,"CA-2022-1286","2022-10-18","2022-10-20","Steve Nguyen","Home Office","United States","Louisville","Kentucky","39500","South","Office Supplies","Storage","Tennsco Deluxe Steel Storage Cabinet 78H",344.15,1,0.0,82.58
724,"CA-2022-1361","2022-10-19","2022-10-25","Sanjit Engle","Consumer","United States","Spokane","Washington","47389","West","Office Supplies","Appliances","Avanti Single-Door Compact Refrigerator",2595.61,9,0.3,-17.14
51,"CA-2022-1025","2022-10-23","2022-10-25","Irene Maddox","Consumer","United States","Provo","Utah","86720","West","Furniture","Chairs","Global High Back Tilter Chair",4909.06,9,0.1,1135.9
259,"CA-2022-1129","2022-10-23","2022-10-29","Zuschuss Carroll","Consumer","United States","Naperville","Illinois","64516","Central","Office Supplies","Envelopes","Tyvek Tear-Proof Expandable Envelopes",100.9,3,0.0,44.12
747,"CA-2022-1373","2022-10-23","2022-10-27","Denny Ward","Consumer","United States","Worcester","Massachusetts","37606","East","Technology","Accessories","Bose QuietComfort 45 Headphones",704.0,6,0.2,77.16
725,"CA-2022-1362","2022-10-24","2022-10-27","Zuschuss Donatelli","Home Office","United States","Paterson","New Jersey","73784","East","Office Supplies","Appliances","Avanti Single-Door Compact Refrigerator",889.79,6,0.2,39.39
715,"CA-2022-1357","2022-10-30","2022-11-04","Andrew Allen","Consumer","United States","Houston","Texas","91515","Central","Office Supplies","Appliances","Honeywell True HEPA Air Purifier HPA300",2307.4,7,0.2,198.19
346,"CA-2022-1172","2022-11-01","2022-11-07","Justin Deggeller","Corporate","United States","Memphis","Tennessee","69472","South","Technology","Phones","Polycom SoundPoint Pro SE-225 Phone",2665.7,8,0.2,294.33
661,"CA-2022-1330","2022-11-01","2022-11-04","Denny Ward","Consumer","United States","Eugene","Oregon","19103","West","Furniture","Furnishings","Eldon Expressions Wood Desk Accessories",1006.23,9,0.0,208.33
857,"CA-2022-1428","2022-11-01","2022-11-03","Denny Ward","Consumer","United States","Seattle","Washington","88606","West","Technology","Machines","Zebra GX430t Thermal Direct Desktop Printer",4552.59,9,0.1,514.88
926,"CA-2022-1462","2022-11-01","2022-11-03","Linda Cazamias","Consumer","United States","San Diego","California","49349","West","Office Supplies","Art","Fiskars Recycled Scissors",198.66,6,0.2,20.39
127,"CA-2022-1063","2022-11-02","2022-11-08","Tracy Blumstein","Consumer","United States","San Jose","California","63334","West","Office Supplies","Supplies","Fiskars Commercial Grade Rotary Trimmer",15.85,3,0.0,6.18
731,"CA-2022-1365","2022-11-02","2022-11-07","Hunter Lopez","Consumer","United States","Henderson","Kentucky","40394","South","Furniture","Tables","BPI Wood Laminate Conference Table 96x42",3563.24,9,0.4,-1971.62
582,"CA-2022-1290","2022-11-03","2022-11-09","Gene Hale","Corporate","United States","Los Angeles","California","42550","West","Technology","Copiers","Canon imageRUNNER ADVANCE C5535i Copier",9825.53,9,0.0,4879.02
320,"CA-2022-1159","2022-11-04","2022-11-07","Kelly Lampkin","Corporate","United States","Cincinnati","Ohio","98407","East","Furniture","Chairs","Novimex Swivel Mesh Task Chair",3172.53,9,0.2,-20.73
859,"CA-2022-1429","2022-11-04","2022-11-09","Emily Phan","Consumer","United States","Green Bay","Wisconsin","57932","Central","Technology","Machines","Epson WorkForce Pro WF-C5790",1984.4,2,0.1,131.89
1009,"CA-2022-1504","2022-11-04","2022-11-08","Sanjit Engle","Consumer","United States","Warren","Michigan","42097","Central","Furniture","Furnishings","Nu-Dell Wood Desk Tray",177.65,6,0.0,50.62
522,"CA-2022-1260","2022-11-06","2022-11-10","Harold Pawlan","Home Office","United States","Paterson","New Jersey","96626","East","Furniture","Tables","Chromcraft Bull-Nose Wood Oval Conference Tables",1558.03,5,0.4,-812.86
533,"CA-2022-1266","2022-11-08","2022-11-14","Harry Marie","Corporate","United States","Nashville","Tennessee","69183","South","Office Supplies","Art","Sanford Liquid Accent Highlighters",86.01,7,0.2,10.94
671,"CA-2022-1335","2022-11-08","2022-11-10","Brosina Hoffman","Consumer","United States","Houston","Texas","61368","Central","Technology","Phones","Samsung Galaxy S23 Ultra 512GB",2777.02,4,0.2,364.23
748,"CA-2022-1373","2022-11-08","2022-11-11","Ken Black","Corporate","United States","Orlando","Florida","34598","South","Office Supplies","Paper","Xerox 205 Premium Multipurpose Paper",69.5,8,0.0,33.04
827,"CA-2022-1413","2022-11-08","2022-11-10","Maria Etezadi","Corporate","United States","Indianapolis","Indiana","97602","Central","Furniture","Chairs","Steelcase Gesture Ergonomic Office Chair",1388.14,3,0.3,-154.38
1068,"CA-2022-1533","2022-11-08","2022-11-12","Erin Smith","Corporate","United States","Eugene","Oregon","84636","West","Furniture","Tables","Boxer Modern Wood End Table 2-Pack",3766.14,8,0.45,-2268.76
269,"CA-2022-1134","2022-11-09","2022-11-12","Harold Pawlan","Home Office","United States","Spokane","Washington","57774","West","Office Supplies","Supplies","Stabila 24-Inch Magnetic Level",172.56,5,0.2,23.83
420,"CA-2022-1209","2022-11-09","2022-11-13","Anthony Jacobs","Corporate","United States","Aurora","Illinois","88480","Central","Office Supplies","Envelopes","Self-Seal White Catalog Envelopes #10",140.94,9,0.0,57.17
161,"CA-2022-1080","2022-11-12","2022-11-17","Odella Nelson","Corporate","United States","Henderson","Kentucky","51830","South","Furniture","Tables","Balt Solid Wood Workstation Training Table",1177.68,4,0.45,-818.45
976,"CA-2022-1487","2022-11-13","2022-11-18","Harold Pawlan","Home Office","United States","Lafayette","Indiana","94340","Central","Furniture","Tables","Chromcraft Bull-Nose Wood Oval Conference Tables",733.09,2,0.3,-172.55
5,"CA-2022-1002","2022-11-15","2022-11-20","Steve Nguyen","Home Office","United States","Boston","Massachusetts","37869","East","Furniture","Bookcases","Riverside Palais Royal Lawyers Bookcase",1084.77,7,0.2,-71.29
844,"CA-2022-1421","2022-11-15","2022-11-21","Maria Etezadi","Home Office","United States","Cambridge","Massachusetts","36496","East","Furniture","Bookcases","Atlantic Magazine Storage Shelf Rack",1238.76,6,0.35,-279.9
294,"CA-2022-1146","2022-11-17","2022-11-22","Roy Skaria","Corporate","United States","Tucson","Arizona","11549","West","Office Supplies","Paper","Xerox 1980 High Performance Color Paper",86.81,2,0.0,32.3
97,"CA-2022-1048","2022-11-18","2022-11-21","Sean O'Donnell","Consumer","United States","Louisville","Kentucky","29597","South","Technology","Machines","Epson WorkForce Pro WF-C5790",1248.33,1,0.1,73.31
876,"CA-2022-1437","2022-11-19","2022-11-22","Sanjit Engle","Consumer","United States","Green Bay","Wisconsin","49363","Central","Office Supplies","Appliances","Honeywell True HEPA Air Purifier HPA300",630.97,4,0.3,-17.01
887,"CA-2022-1443","2022-11-19","2022-11-25","Craig Carreira","Consumer","United States","Austin","Texas","98055","Central","Technology","Copiers","Canon imageCLASS MF743Cdw All-in-One",5871.64,4,0.1,1891.98
1159,"CA-2022-1579","2022-11-19","2022-11-21","Zuschuss Donatelli","Consumer","United States","Tampa","Florida","31991","South","Furniture","Chairs","Herman Miller Aeron Ergonomic Office Chair",6130.52,9,0.1,1426.24
1183,"CA-2022-1591","2022-11-19","2022-11-23","Mick Brown","Home Office","United States","New York City","New York","13611","East","Technology","Copiers","Canon imageRUNNER ADVANCE C5535i Copier",1744.52,2,0.0,775.16
650,"CA-2022-1324","2022-11-20","2022-11-26","Irene Maddox","Consumer","United States","Spokane","Washington","80178","West","Technology","Copiers","Hewlett Packard LaserJet Multifunction Copier",7637.15,4,0.0,2927.04
1041,"CA-2022-1520","2022-11-20","2022-11-26","Chuck Clark","Consumer","United States","Columbus","Georgia","27046","South","Office Supplies","Fasteners","Staples Box Binder Clips",38.07,2,0.0,10.94
1185,"CA-2022-1592","2022-11-21","2022-11-23","Mick Brown","Consumer","United States","Austin","Texas","67375","Central","Office Supplies","Art","Prismacolor Premiere Colored Pencils 72-Set",54.11,1,0.0,22.37
255,"CA-2022-1127","2022-11-22","2022-11-24","Emily Phan","Consumer","United States","Worcester","Massachusetts","69322","East","Office Supplies","Paper","Xerox 1967",81.1,5,0.0,31.49
287,"CA-2022-1143","2022-11-22","2022-11-24","Lena Creighton","Consumer","United States","Seattle","Washington","18993","West","Office Supplies","Fasteners","Swingline Heavy-Duty Desk Stapler",191.1,7,0.0,61.16
563,"CA-2022-1281","2022-11-22","2022-11-26","Lena Creighton","Consumer","United States","Detroit","Michigan","10404","Central","Office Supplies","Fasteners","OIC Steel Paper Clips",58.64,1,0.0,26.66
150,"CA-2022-1074","2022-11-23","2022-11-26","Claire Gute","Consumer","United States","Atlanta","Georgia","12192","South","Technology","Machines","Epson WorkForce Pro WF-C5790",307.93,1,0.0,71.67
179,"CA-2022-1089","2022-11-23","2022-11-26","Denny Ward","Consumer","United States","Chicago","Illinois","10088","Central","Furniture","Furnishings","Eldon Expressions Wood Desk Accessories",180.71,2,0.2,6.42
382,"CA-2022-1190","2022-11-23","2022-11-26","Gene Hale","Corporate","United States","Eugene","Oregon","60174","West","Office Supplies","Appliances","Honeywell True HEPA Air Purifier HPA300",1106.61,3,0.0,283.34
495,"CA-2022-1247","2022-11-23","2022-11-28","Sanjit Engle","Consumer","United States","Allentown","Pennsylvania","91889","East","Technology","Machines","Epson WorkForce Pro WF-C5790",3830.23,8,0.0,992.72
714,"CA-2022-1356","2022-11-23","2022-11-27","Gene Hale","Corporate","United States","Phoenix","Arizona","36744","West","Office Supplies","Art","Newell 322",264.69,9,0.0,101.17
948,"CA-2022-1473","2022-11-23","2022-11-27","Linda Cazamias","Corporate","United States","Allentown","Pennsylvania","86561","East","Technology","Copiers","Canon imageCLASS MF743Cdw All-in-One",10700.67,6,0.2,2310.75
236,"CA-2022-1117","2022-11-24","2022-11-26","Arthur Prichep","Consumer","United States","Provo","Utah","96765","West","Technology","Phones","Google Pixel 8 Pro 256GB",3949.37,5,0.0,1159.02
700,"CA-2022-1349","2022-11-24","2022-11-27","Odella Nelson","Corporate","United States","Seattle","Washington","89954","West","Technology","Copiers","Canon ImageCLASS 2200 Advanced Copier",5244.94,4,0.2,1775.74
850,"CA-2022-1424","2022-11-26","2022-12-02","Tamara Chand","Corporate","United States","Naperville","Illinois","85269","Central","Furniture","Tables","Bevis Round Conference Table",4183.67,9,0.4,-2284.31
663,"CA-2022-1331","2022-11-27","2022-11-29","Alejandro Grove","Corporate","United States","Charlotte","North Carolina","16880","South","Furniture","Chairs","Harbour Creations Executive Chair",4327.82,6,0.0,1104.71
869,"CA-2022-1434","2022-11-27","2022-12-02","Sandra Flanagan","Home Office","United States","Spokane","Washington","34768","West","Technology","Copiers","Sharp AL-1530CS Digital Copier",3723.46,3,0.2,1235.12
422,"CA-2022-1210","2022-11-28","2022-12-01","Harold Pawlan","Home Office","United States","Allentown","Pennsylvania","12277","East","Technology","Phones","Google Pixel 8 Pro 256GB",7129.77,8,0.0,1550.61
452,"CA-2022-1225","2022-11-28","2022-12-04","Ken Lonsdale","Corporate","United States","Madison","Wisconsin","36039","Central","Technology","Accessories","Dell UltraSharp 32-inch 4K Monitor",493.57,3,0.1,150.27
1139,"CA-2022-1569","2022-11-28","2022-12-02","Zuschuss Carroll","Consumer","United States","Cincinnati","Ohio","56040","East","Furniture","Bookcases","Atlantic Magazine Storage Shelf Rack",1117.43,6,0.0,269.01
1173,"CA-2022-1586","2022-11-28","2022-12-02","Carlos Soltero","Consumer","United States","Los Angeles","California","32502","West","Technology","Machines","Zebra GX430t Thermal Direct Desktop Printer",2851.24,6,0.4,-510.39
531,"CA-2022-1265","2022-11-29","2022-12-03","Emily Phan","Consumer","United States","Raleigh","North Carolina","11268","South","Office Supplies","Envelopes","Self-Seal White Catalog Envelopes #10",75.85,6,0.0,34.49
437,"CA-2022-1218","2022-11-30","2022-12-05","Patrick O'Donnell","Consumer","United States","Atlanta","Georgia","49965","South","Technology","Accessories","Keychron Q1 Pro Custom Mechanical Keyboard",697.35,4,0.0,236.32
249,"CA-2022-1124","2022-12-01","2022-12-05","Sanjit Chand","Consumer","United States","San Francisco","California","61497","West","Office Supplies","Paper","Xerox 1980 High Performance Color Paper",37.97,2,0.0,12.12
331,"CA-2022-1165","2022-12-01","2022-12-05","Hunter Lopez","Consumer","United States","Madison","Wisconsin","81932","Central","Furniture","Tables","Chromcraft Bull-Nose Wood Oval Conference Tables",1880.89,9,0.4,-925.89
587,"CA-2022-1293","2022-12-01","2022-12-03","Valerie Mitchum","Home Office","United States","Newark","New Jersey","79331","East","Furniture","Chairs","Novimex Swivel Mesh Task Chair",2810.89,5,0.0,823.45
923,"CA-2022-1461","2022-12-01","2022-12-04","Denny Ward","Consumer","United States","Tampa","Florida","39724","South","Furniture","Bookcases","O'Sullivan 2-Shelf Adjustable Bookcase",512.4,2,0.15,1.88
93,"CA-2022-1046","2022-12-02","2022-12-07","Lena Creighton","Consumer","United States","Paterson","New Jersey","35430","East","Office Supplies","Supplies","Acme Forged Carbon Steel Scissors",147.05,9,0.1,60.96
395,"CA-2022-1197","2022-12-02","2022-12-05","Pete Kriz","Consumer","United States","Nashville","Tennessee","90847","South","Furniture","Bookcases","Bush Somerset Collection Bookcase",958.91,6,0.2,-28.16
1063,"CA-2022-1531","2022-12-02","2022-12-05","Mick Brown","Consumer","United States","San Jose","California","62213","West","Office Supplies","Storage","Fellowes Bankers Box Stor/Drawer Steel Plus",720.16,4,0.0,202.98
1124,"CA-2022-1561","2022-12-02","2022-12-08","Barry Pond","Corporate","United States","New York City","New York","22462","East","Office Supplies","Labels","Avery 5160 Easy Peel Address Labels",39.7,1,0.0,16.36
83,"CA-2022-1041","2022-12-03","2022-12-08","Maria Etezadi","Consumer","United States","Orlando","Florida","63088","South","Technology","Machines","Star Micronics TSP143III Receipt Printer",8059.79,7,0.0,1713.95
1046,"CA-2022-1522","2022-12-03","2022-12-08","Zuschuss Carroll","Consumer","United States","Newark","New Jersey","97428","East","Furniture","Chairs","Harbour Creations Executive Chair",3480.94,6,0.0,687.07
1115,"CA-2022-1557","2022-12-03","2022-12-08","Irene Maddox","Consumer","United States","Nashville","Tennessee","57332","South","Furniture","Bookcases","Atlantic Magazine Storage Shelf Rack",692.0,4,0.2,39.74
167,"CA-2022-1083","2022-12-04","2022-12-07","Maria Etezadi","Home Office","United States","Columbus","Ohio","34430","East","Office Supplies","Envelopes","Redi-Seal Security Tint Envelopes",142.02,8,0.0,51.27
927,"CA-2022-1463","2022-12-04","2022-12-07","Ruben Dartt","Consumer","United States","Henderson","Kentucky","14068","South","Technology","Phones","Apple iPhone 15 Pro Max 256GB",6724.15,8,0.1,1307.47
541,"CA-2022-1270","2022-12-05","2022-12-08","Mick Brown","Corporate","United States","Spokane","Washington","67373","West","Technology","Machines","Epson WorkForce Pro WF-C5790",2749.57,8,0.1,404.08
1108,"CA-2022-1553","2022-12-05","2022-12-11","Carlos Soltero","Consumer","United States","Spokane","Washington","80731","West","Furniture","Chairs","Steelcase Gesture Ergonomic Office Chair",1429.45,4,0.2,54.07
180,"CA-2022-1089","2022-12-06","2022-12-10","Irene Maddox","Consumer","United States","Aurora","Illinois","66260","Central","Technology","Accessories","Logitech Wireless Gaming Headset G930",1186.53,7,0.0,425.84
216,"CA-2022-1107","2022-12-06","2022-12-11","Justin Deggeller","Corporate","United States","Eugene","Oregon","75811","West","Technology","Machines","Star Micronics TSP143III Receipt Printer",3486.06,4,0.0,564.2
477,"CA-2022-1238","2022-12-06","2022-12-12","Tracy Blumstein","Consumer","United States","Lafayette","Indiana","98225","Central","Technology","Machines","Zebra GX430t Thermal Direct Desktop Printer",3502.78,5,0.4,-1117.65
751,"CA-2022-1375","2022-12-06","2022-12-10","Denny Ward","Home Office","United States","Savannah","Georgia","38369","South","Technology","Copiers","Canon imageCLASS MF743Cdw All-in-One",9246.57,8,0.0,3240.0
1095,"CA-2022-1547","2022-12-06","2022-12-08","Sanjit Engle","Consumer","United States","Indianapolis","Indiana","52611","Central","Technology","Copiers","Hewlett Packard LaserJet Multifunction Copier",15625.08,9,0.0,6022.97
126,"CA-2022-1062","2022-12-08","2022-12-11","Linda Cazamias","Home Office","United States","Orem","Utah","45601","West","Technology","Copiers","Sharp AL-1530CS Digital Copier",3659.25,4,0.2,1055.63
893,"CA-2022-1446","2022-12-08","2022-12-14","Claire Gute","Consumer","United States","Detroit","Michigan","20479","Central","Furniture","Bookcases","Bush Somerset Collection Bookcase",1146.49,8,0.35,-237.62
726,"CA-2022-1362","2022-12-09","2022-12-15","Justin Deggeller","Consumer","United States","Houston","Texas","10873","Central","Furniture","Chairs","Hon Deluxe Fabric Upholstered Stacking Chairs",739.71,1,0.1,127.87
1136,"CA-2022-1567","2022-12-09","2022-12-11","Craig Carreira","Consumer","United States","Tampa","Florida","81657","South","Technology","Machines","Bady Automated Thermal Label Printer",4069.19,9,0.0,768.27
166,"CA-2022-1082","2022-12-10","2022-12-14","Barry Pond","Corporate","United States","Columbus","Georgia","12960","South","Furniture","Furnishings","Deflect-o Desk Pad",160.3,6,0.0,33.35
391,"CA-2022-1195","2022-12-11","2022-12-16","Erin Smith","Home Office","United States","Boston","Massachusetts","32026","East","Furniture","Chairs","Steelcase Gesture Ergonomic Office Chair",328.33,2,0.3,-47.01
189,"CA-2022-1094","2022-12-12","2022-12-16","Ken Black","Corporate","United States","Chicago","Illinois","92251","Central","Office Supplies","Fasteners","Swingline Heavy-Duty Desk Stapler",61.29,9,0.2,17.04
335,"CA-2022-1167","2022-12-12","2022-12-16","Dan Lawera","Consumer","United States","Naperville","Illinois","61491","Central","Office Supplies","Fasteners","Staples Box Binder Clips",514.81,9,0.0,167.37
231,"CA-2022-1115","2022-12-14","2022-12-18","Lena Creighton","Consumer","United States","Milwaukee","Wisconsin","79446","Central","Office Supplies","Labels","Self-Adhesive Address Labels for Laser Printers",388.21,8,0.1,120.82
408,"CA-2022-1203","2022-12-14","2022-12-20","Odella Nelson","Corporate","United States","Green Bay","Wisconsin","32509","Central","Technology","Machines","Epson WorkForce Pro WF-C5790",3922.81,5,0.2,415.54
426,"CA-2022-1212","2022-12-14","2022-12-20","Tom Prescott","Consumer","United States","Cincinnati","Ohio","32514","East","Furniture","Bookcases","O'Sullivan 2-Shelf Adjustable Bookcase",228.07,1,0.2,3.72
536,"CA-2022-1267","2022-12-14","2022-12-19","Ken Black","Corporate","United States","Indianapolis","Indiana","62328","Central","Technology","Machines","HP DesignJet Large-Format Color Plotter",1235.73,4,0.0,211.81
443,"CA-2022-1221","2022-12-15","2022-12-18","Matt Abelman","Home Office","United States","Madison","Wisconsin","43612","Central","Office Supplies","Art","Prismacolor Premiere Colored Pencils 72-Set",137.77,7,0.0,46.48
566,"CA-2022-1282","2022-12-15","2022-12-20","Zuschuss Carroll","Consumer","United States","Eugene","Oregon","26759","West","Technology","Accessories","SanDisk Ultra 128GB MicroSDXC UHS-I",666.06,3,0.0,254.06
474,"CA-2022-1236","2022-12-16","2022-12-21","Darrin Van Huff","Corporate","United States","Pittsburgh","Pennsylvania","64484","East","Technology","Machines","Bady Automated Thermal Label Printer",1114.02,6,0.4,-288.6
588,"CA-2022-1293","2022-12-16","2022-12-20","Sanjit Chand","Consumer","United States","San Francisco","California","82308","West","Office Supplies","Fasteners","Advantus Push Pins Plastic Head",236.81,6,0.2,63.81
96,"CA-2022-1047","2022-12-17","2022-12-22","Brosina Hoffman","Consumer","United States","San Antonio","Texas","95191","Central","Furniture","Tables","Chromcraft Bull-Nose Wood Oval Conference Tables",169.23,1,0.6,-228.5
107,"CA-2022-1053","2022-12-17","2022-12-22","Sanjit Chand","Corporate","United States","Greensboro","North Carolina","68341","South","Office Supplies","Supplies","Acme Forged Carbon Steel Scissors",24.93,2,0.0,7.35
787,"CA-2022-1393","2022-12-18","2022-12-23","Patrick O'Donnell","Consumer","United States","Virginia Beach","Virginia","62948","South","Office Supplies","Appliances","Avanti Single-Door Compact Refrigerator",1435.6,6,0.1,301.83
50,"CA-2022-1024","2022-12-20","2022-12-26","Linda Cazamias","Corporate","United States","Lexington","Kentucky","66626","South","Technology","Machines","HP DesignJet Large-Format Color Plotter",8531.8,9,0.0,1840.0
394,"CA-2022-1196","2022-12-20","2022-12-22","Dan Lawera","Consumer","United States","Grand Rapids","Michigan","80742","Central","Furniture","Chairs","Herman Miller Aeron Ergonomic Office Chair",1345.0,2,0.2,196.29
183,"CA-2022-1091","2022-12-21","2022-12-24","Anthony Jacobs","Corporate","United States","Charlotte","North Carolina","42477","South","Furniture","Chairs","Hon Deluxe Fabric Upholstered Stacking Chairs",2495.27,7,0.1,388.47
707,"CA-2022-1353","2022-12-21","2022-12-26","Pete Kriz","Consumer","United States","Warren","Michigan","12470","Central","Office Supplies","Storage","Fellowes Bankers Box Stor/Drawer Steel Plus",101.21,1,0.2,9.25
1106,"CA-2022-1552","2022-12-21","2022-12-25","Tom Prescott","Consumer","United States","Boston","Massachusetts","54191","East","Furniture","Bookcases","Riverside Palais Royal Lawyers Bookcase",319.98,1,0.15,22.14
719,"CA-2022-1359","2022-12-22","2022-12-24","Lena Creighton","Consumer","United States","Jersey City","New Jersey","89370","East","Furniture","Chairs","Novimex Swivel Mesh Task Chair",2496.65,4,0.1,380.23
871,"CA-2022-1435","2022-12-22","2022-12-27","Darrin Van Huff","Corporate","United States","Tacoma","Washington","24596","West","Technology","Copiers","Canon imageCLASS MF743Cdw All-in-One",3131.15,3,0.0,1548.75
644,"CA-2022-1321","2022-12-23","2022-12-28","Bill Stewart","Corporate","United States","Chicago","Illinois","60012","Central","Office Supplies","Fasteners","Swingline Heavy-Duty Desk Stapler",95.58,3,0.1,22.57
586,"CA-2022-1292","2022-12-26","2022-12-31","Valerie Mitchum","Home Office","United States","Rochester","New York","53714","East","Furniture","Bookcases","O'Sullivan 2-Shelf Adjustable Bookcase",689.28,7,0.2,2.78
901,"CA-2022-1450","2022-12-26","2023-01-01","Tracy Blumstein","Consumer","United States","Pittsburgh","Pennsylvania","91737","East","Technology","Machines","Bady Automated Thermal Label Printer",4931.02,6,0.1,352.5
1077,"CA-2022-1538","2022-12-26","2022-12-31","Tracy Blumstein","Consumer","United States","Cincinnati","Ohio","34458","East","Furniture","Tables","BPI Wood Laminate Conference Table 96x42",688.52,3,0.4,-323.09
397,"CA-2022-1198","2022-12-28","2022-12-31","Valerie Mitchum","Home Office","United States","Eugene","Oregon","58953","West","Furniture","Furnishings","Seth Thomas Executive Wall Clock",360.92,4,0.2,36.94
730,"CA-2022-1364","2022-12-28","2022-12-31","Ken Lonsdale","Corporate","United States","Newark","New Jersey","10419","East","Technology","Machines","HP DesignJet Large-Format Color Plotter",1453.38,3,0.1,292.91
962,"CA-2022-1480","2022-12-28","2023-01-03","Craig Carreira","Consumer","United States","Cambridge","Massachusetts","71125","East","Furniture","Chairs","Hon Deluxe Fabric Upholstered Stacking Chairs",2191.18,4,0.3,-264.79
630,"CA-2023-1314","2023-01-01","2023-01-06","Chuck Clark","Corporate","United States","Houston","Texas","60084","Central","Office Supplies","Fasteners","Staples Box Binder Clips",355.77,9,0.2,48.94
230,"CA-2023-1114","2023-01-05","2023-01-08","Zuschuss Carroll","Consumer","United States","Boston","Massachusetts","95778","East","Office Supplies","Paper","Hammermill Premium Laser Print Paper",422.64,9,0.0,133.81
833,"CA-2023-1416","2023-01-13","2023-01-19","Ken Black","Corporate","United States","Tacoma","Washington","36502","West","Technology","Accessories","SanDisk Ultra 128GB MicroSDXC UHS-I",363.06,3,0.2,87.71
603,"CA-2023-1301","2023-01-15","2023-01-19","Tamara Chand","Corporate","United States","Chicago","Illinois","66479","Central","Furniture","Bookcases","Bush Somerset Collection Bookcase",1045.15,6,0.0,189.55
1049,"CA-2023-1524","2023-01-20","2023-01-26","Matt Abelman","Home Office","United States","Salt Lake City","Utah","34242","West","Technology","Copiers","Canon imageCLASS MF743Cdw All-in-One",9682.36,4,0.0,4682.2
1109,"CA-2023-1554","2023-01-21","2023-01-24","Eric Hoffmann","Consumer","United States","Naperville","Illinois","90511","Central","Furniture","Bookcases","Sauder Heritage Hill 5-Shelf Bookcase",2723.61,8,0.2,-85.39
316,"CA-2023-1157","2023-01-22","2023-01-28","Valerie Mitchum","Home Office","United States","Tucson","Arizona","34886","West","Technology","Accessories","Dell UltraSharp 32-inch 4K Monitor",282.45,2,0.2,46.19
94,"CA-2023-1046","2023-01-24","2023-01-30","Delfina Latchford","Consumer","United States","Green Bay","Wisconsin","16839","Central","Technology","Machines","Zebra GX430t Thermal Direct Desktop Printer",4036.84,4,0.2,-147.54
900,"CA-2023-1449","2023-01-27","2023-02-01","Andrew Allen","Corporate","United States","Charlotte","North Carolina","53392","South","Office Supplies","Binders","Wilson Jones Continuous Form Binder",230.69,8,0.7,-260.69
115,"CA-2023-1057","2023-01-29","2023-01-31","Erin Smith","Corporate","United States","Orem","Utah","42541","West","Furniture","Chairs","Hon Deluxe Fabric Upholstered Stacking Chairs",247.2,1,0.3,-23.39
895,"CA-2023-1447","2023-01-29","2023-02-03","Erin Smith","Corporate","United States","Allentown","Pennsylvania","70768","East","Furniture","Bookcases","Riverside Palais Royal Lawyers Bookcase",1195.42,7,0.35,-312.63
1047,"CA-2023-1523","2023-01-29","2023-01-31","Harry Marie","Corporate","United States","Lafayette","Indiana","43455","Central","Technology","Phones","Samsung Galaxy S23 Ultra 512GB",2607.44,5,0.2,457.09
69,"CA-2023-1034","2023-01-30","2023-02-05","Anthony Jacobs","Corporate","United States","Paterson","New Jersey","38477","East","Furniture","Furnishings","Nu-Dell Wood Desk Tray",717.6,7,0.1,119.88
1147,"CA-2023-1573","2023-02-02","2023-02-08","Gene Hale","Corporate","United States","Miami","Florida","74819","South","Technology","Phones","Mitel 5320 IP Phone",4237.87,8,0.2,780.28
242,"CA-2023-1120","2023-02-03","2023-02-06","Pete Kriz","Consumer","United States","Columbus","Georgia","30892","South","Technology","Machines","Epson WorkForce Pro WF-C5790",1307.0,3,0.0,332.53
776,"CA-2023-1387","2023-02-03","2023-02-07","Kelly Lampkin","Corporate","United States","Spokane","Washington","35901","West","Technology","Machines","Bady Automated Thermal Label Printer",740.04,3,0.2,85.32
695,"CA-2023-1347","2023-02-06","2023-02-08","Sandra Flanagan","Consumer","United States","Nashville","Tennessee","36370","South","Technology","Accessories","Keychron Q1 Pro Custom Mechanical Keyboard",702.94,5,0.0,247.32
858,"CA-2023-1428","2023-02-06","2023-02-11","Tamara Chand","Corporate","United States","Columbus","Ohio","50850","East","Office Supplies","Labels","Self-Adhesive Address Labels for Laser Printers",484.68,9,0.0,212.65
653,"CA-2023-1326","2023-02-08","2023-02-13","Ken Black","Consumer","United States","Cincinnati","Ohio","30760","East","Technology","Phones","Mitel 5320 IP Phone",5673.71,6,0.0,1546.58
124,"CA-2023-1061","2023-02-11","2023-02-14","Barry Pond","Corporate","United States","Fort Wayne","Indiana","49124","Central","Technology","Copiers","Canon imageCLASS MF743Cdw All-in-One",7211.83,8,0.2,1685.56
1130,"CA-2023-1564","2023-02-12","2023-02-17","Arthur Prichep","Consumer","United States","Raleigh","North Carolina","60296","South","Technology","Phones","Polycom SoundPoint Pro SE-225 Phone",4151.88,7,0.2,220.34
627,"CA-2023-1313","2023-02-13","2023-02-16","Maria Etezadi","Home Office","United States","Spokane","Washington","31603","West","Furniture","Bookcases","Atlantic Magazine Storage Shelf Rack",1090.01,8,0.35,-245.76
1025,"CA-2023-1512","2023-02-17","2023-02-23","Pauline Chand","Consumer","United States","Phoenix","Arizona","77618","West","Furniture","Tables","Chromcraft Bull-Nose Wood Oval Conference Tables",1855.34,7,0.4,-976.68
1153,"CA-2023-1576","2023-02-17","2023-02-19","Roy Skaria","Corporate","United States","Phoenix","Arizona","14351","West","Furniture","Furnishings","Seth Thomas Executive Wall Clock",45.49,1,0.0,14.95
34,"CA-2023-1016","2023-02-19","2023-02-23","Ruben Dartt","Consumer","United States","Norfolk","Virginia","54057","South","Technology","Accessories","Logitech MX Master 3S Wireless Mouse",299.78,4,0.2,46.03
75,"CA-2023-1037","2023-02-20","2023-02-26","Linda Cazamias","Corporate","United States","Miami","Florida","62262","South","Technology","Accessories","Logitech MX Master 3S Wireless Mouse",1446.01,8,0.2,202.57
855,"CA-2023-1427","2023-02-20","2023-02-23","Odella Nelson","Corporate","United States","San Antonio","Texas","94833","Central","Office Supplies","Supplies","Fiskars Commercial Grade Rotary Trimmer",57.98,3,0.0,18.56
882,"CA-2023-1440","2023-02-20","2023-02-25","Ken Black","Corporate","United States","Green Bay","Wisconsin","54535","Central","Technology","Accessories","Logitech MX Master 3S Wireless Mouse",219.25,1,0.1,71.13
955,"CA-2023-1477","2023-02-21","2023-02-24","Irene Maddox","Consumer","United States","New York City","New York","46505","East","Office Supplies","Art","Sanford Liquid Accent Highlighters",134.64,5,0.1,35.7
1122,"CA-2023-1560","2023-02-22","2023-02-26","Harold Pawlan","Home Office","United States","Fort Lauderdale","Florida","40578","South","Furniture","Furnishings","DAX Clear Document Frame",68.5,1,0.0,20.74
708,"CA-2023-1353","2023-02-23","2023-02-25","Tracy Blumstein","Consumer","United States","Paterson","New Jersey","54068","East","Furniture","Tables","Bretford CR4500 Series Slim Rectangular Table",3303.44,9,0.5,-2353.88
155,"CA-2023-1077","2023-02-26","2023-03-01","Craig Carreira","Consumer","United States","Mesa","Arizona","90460","West","Office Supplies","Labels","Self-Adhesive Address Labels for Laser Printers",99.5,7,0.2,11.84
252,"CA-2023-1125","2023-02-27","2023-03-05","Hunter Lopez","Consumer","United States","Madison","Wisconsin","49179","Central","Office Supplies","Supplies","Acme Forged Carbon Steel Scissors",66.48,3,0.2,18.28
1154,"CA-2023-1576","2023-03-03","2023-03-06","Erin Smith","Corporate","United States","Worcester","Massachusetts","93148","East","Furniture","Tables","Chromcraft Bull-Nose Wood Oval Conference Tables",416.54,5,0.6,-483.41
340,"CA-2023-1169","2023-03-05","2023-03-08","Ken Black","Consumer","United States","Orlando","Florida","90879","South","Office Supplies","Binders","GBC VeloBind System Two Electric Punch Bind",49.3,4,0.2,14.51
383,"CA-2023-1191","2023-03-07","2023-03-09","Gene Hale","Corporate","United States","San Antonio","Texas","80861","Central","Furniture","Furnishings","Seth Thomas Executive Wall Clock",264.91,7,0.0,76.45
1167,"CA-2023-1583","2023-03-07","2023-03-09","Bill Stewart","Corporate","United States","Norfolk","Virginia","90526","South","Technology","Phones","Google Pixel 8 Pro 256GB",6814.83,9,0.2,843.86
285,"CA-2023-1142","2023-03-08","2023-03-10","Irene Maddox","Consumer","United States","Virginia Beach","Virginia","62513","South","Furniture","Bookcases","Riverside Palais Royal Lawyers Bookcase",597.46,4,0.35,-138.63
862,"CA-2023-1430","2023-03-08","2023-03-12","Tom Prescott","Consumer","United States","Phoenix","Arizona","80030","West","Furniture","Bookcases","Riverside Palais Royal Lawyers Bookcase",1446.08,9,0.0,232.49
1004,"CA-2023-1501","2023-03-09","2023-03-12","Carlos Soltero","Consumer","United States","Milwaukee","Wisconsin","70128","Central","Office Supplies","Labels","Dot Matrix Heavy Duty Labels",109.79,8,0.0,47.9
177,"CA-2023-1088","2023-03-16","2023-03-22","Dan Lawera","Consumer","United States","Memphis","Tennessee","69597","South","Furniture","Bookcases","Atlantic Magazine Storage Shelf Rack",2609.5,9,0.2,33.63
772,"CA-2023-1385","2023-03-18","2023-03-22","Carlos Soltero","Consumer","United States","Tacoma","Washington","20127","West","Furniture","Chairs","Steelcase Gesture Ergonomic Office Chair",1629.16,6,0.3,-11.05
401,"CA-2023-1200","2023-03-19","2023-03-21","Delfina Latchford","Consumer","United States","Phoenix","Arizona","12087","West","Technology","Machines","Zebra GX430t Thermal Direct Desktop Printer",2190.26,3,0.0,407.08
266,"CA-2023-1132","2023-03-21","2023-03-23","Roy Skaria","Consumer","United States","Paterson","New Jersey","28530","East","Office Supplies","Paper","Hammermill Premium Laser Print Paper",276.75,6,0.2,28.45
597,"CA-2023-1298","2023-03-21","2023-03-25","Pauline Chand","Consumer","United States","Aurora","Illinois","36013","Central","Technology","Machines","Zebra GX430t Thermal Direct Desktop Printer",1738.76,3,0.2,32.8
207,"CA-2023-1103","2023-03-22","2023-03-26","Ruben Dartt","Consumer","United States","Paterson","New Jersey","39260","East","Office Supplies","Appliances","Cuisinart Microwave Oven w/ Grill",2423.64,9,0.2,426.4
737,"CA-2023-1368","2023-03-22","2023-03-25","Linda Cazamias","Corporate","United States","Grand Rapids","Michigan","75732","Central","Furniture","Chairs","Hon Deluxe Fabric Upholstered Stacking Chairs",741.84,1,0.0,211.96
909,"CA-2023-1454","2023-03-22","2023-03-28","Irene Maddox","Consumer","United States","Charlotte","North Carolina","94266","South","Office Supplies","Binders","GBC VeloBind System Two Electric Punch Bind",80.21,1,0.0,29.0
224,"CA-2023-1111","2023-03-24","2023-03-26","Ken Lonsdale","Corporate","United States","Virginia Beach","Virginia","21847","South","Furniture","Furnishings","Nu-Dell Wood Desk Tray",445.31,9,0.1,64.05
738,"CA-2023-1368","2023-03-26","2023-03-28","Ken Black","Corporate","United States","Tacoma","Washington","95888","West","Technology","Accessories","Logitech Wireless Gaming Headset G930",784.93,5,0.2,168.71
793,"CA-2023-1396","2023-03-27","2023-03-29","Lena Creighton","Consumer","United States","Nashville","Tennessee","28605","South","Furniture","Chairs","Steelcase Gesture Ergonomic Office Chair",1048.63,2,0.2,41.03
325,"CA-2023-1162","2023-03-30","2023-04-02","Sanjit Engle","Corporate","United States","Raleigh","North Carolina","20286","South","Technology","Phones","Polycom SoundPoint Pro SE-225 Phone",1104.64,5,0.2,167.42
599,"CA-2023-1299","2023-03-30","2023-04-04","Alejandro Grove","Consumer","United States","Seattle","Washington","88261","West","Office Supplies","Envelopes","Self-Seal White Catalog Envelopes #10",28.3,4,0.1,10.88
164,"CA-2023-1081","2023-04-01","2023-04-06","Kelly Lampkin","Corporate","United States","San Francisco","California","53463","West","Technology","Copiers","Hewlett Packard LaserJet Multifunction Copier",1581.73,1,0.1,609.42
296,"CA-2023-1147","2023-04-01","2023-04-04","Denny Ward","Home Office","United States","Rochester","New York","71995","East","Furniture","Furnishings","Deflect-o Desk Pad",138.34,4,0.0,51.55
454,"CA-2023-1226","2023-04-02","2023-04-08","Gene Hale","Corporate","United States","Columbus","Ohio","44891","East","Furniture","Furnishings","Deflect-o Desk Pad",254.81,8,0.0,83.69
722,"CA-2023-1360","2023-04-04","2023-04-07","Tamara Chand","Corporate","United States","Warren","Michigan","63592","Central","Technology","Phones","Apple iPhone 15 Pro Max 256GB",241.3,1,0.2,41.66
368,"CA-2023-1183","2023-04-08","2023-04-12","Brosina Hoffman","Consumer","United States","Sacramento","California","91948","West","Office Supplies","Art","Boston School Pro Electric Pencil Sharpener",16.14,1,0.1,5.74
1054,"CA-2023-1526","2023-04-14","2023-04-17","Claire Gute","Consumer","United States","Fort Lauderdale","Florida","35171","South","Furniture","Tables","Boxer Modern Wood End Table 2-Pack",3190.79,6,0.4,-1462.23
59,"CA-2023-1029","2023-04-20","2023-04-23","Andrew Allen","Consumer","United States","Warren","Michigan","51505","Central","Technology","Machines","Bady Automated Thermal Label Printer",4762.11,6,0.4,-961.15
347,"CA-2023-1173","2023-04-20","2023-04-26","Harry Marie","Home Office","United States","Lafayette","Indiana","29054","Central","Technology","Accessories","Logitech Wireless Gaming Headset G930",200.63,3,0.0,69.82
322,"CA-2023-1160","2023-04-25","2023-04-30","Sanjit Engle","Consumer","United States","Cincinnati","Ohio","10025","East","Furniture","Furnishings","Nu-Dell Wood Desk Tray",224.0,5,0.2,22.8
1011,"CA-2023-1505","2023-04-25","2023-04-27","Harold Pawlan","Home Office","United States","Louisville","Kentucky","25765","South","Furniture","Chairs","Herman Miller Aeron Ergonomic Office Chair",914.76,6,0.3,-109.89
123,"CA-2023-1061","2023-04-26","2023-05-01","Chuck Clark","Home Office","United States","Henderson","Kentucky","78875","South","Furniture","Chairs","Novimex Swivel Mesh Task Chair",1519.34,4,0.3,42.84
142,"CA-2023-1070","2023-04-27","2023-04-29","Sanjit Chand","Consumer","United States","Paterson","New Jersey","63511","East","Office Supplies","Labels","Avery File Folder Labels",303.78,7,0.1,82.27
565,"CA-2023-1282","2023-04-27","2023-04-29","Dan Lawera","Consumer","United States","Naperville","Illinois","20665","Central","Office Supplies","Labels","Avery File Folder Labels",114.21,8,0.2,25.25
854,"CA-2023-1426","2023-04-28","2023-05-01","Matt Abelman","Home Office","United States","Philadelphia","Pennsylvania","63421","East","Technology","Machines","Bady Automated Thermal Label Printer",1464.94,6,0.4,-263.88
550,"CA-2023-1274","2023-04-30","2023-05-04","Justin Deggeller","Home Office","United States","Detroit","Michigan","34057","Central","Furniture","Bookcases","Sauder Heritage Hill 5-Shelf Bookcase",1001.03,4,0.2,-38.05
76,"CA-2023-1037","2023-05-02","2023-05-06","Pauline Chand","Consumer","United States","Detroit","Michigan","58843","Central","Technology","Machines","Bady Automated Thermal Label Printer",2596.25,2,0.0,425.74
222,"CA-2023-1110","2023-05-04","2023-05-06","Emily Phan","Consumer","United States","Lexington","Kentucky","62872","South","Technology","Copiers","Canon ImageCLASS 2200 Advanced Copier",15447.84,9,0.2,3086.53
690,"CA-2023-1344","2023-05-04","2023-05-07","Darrin Van Huff","Corporate","United States","Tucson","Arizona","71329","West","Furniture","Tables","Bretford CR4500 Series Slim Rectangular Table",1287.12,8,0.3,-292.9
129,"CA-2023-1064","2023-05-06","2023-05-09","Sean O'Donnell","Consumer","United States","Nashville","Tennessee","47298","South","Technology","Copiers","Canon ImageCLASS 2200 Advanced Copier",1307.27,1,0.0,575.75
148,"CA-2023-1073","2023-05-06","2023-05-09","Odella Nelson","Corporate","United States","Paterson","New Jersey","70401","East","Technology","Copiers","Canon imageRUNNER ADVANCE C5535i Copier",17590.06,8,0.1,6767.37
789,"CA-2023-1394","2023-05-07","2023-05-12","Emily Phan","Consumer","United States","Allentown","Pennsylvania","31818","East","Technology","Phones","Polycom SoundPoint Pro SE-225 Phone",6382.9,7,0.0,1587.77
40,"CA-2023-1019","2023-05-11","2023-05-13","Pauline Chand","Consumer","United States","Louisville","Kentucky","70931","South","Office Supplies","Paper","Southworth 25% Cotton Resume Paper",174.94,5,0.1,70.74
238,"CA-2023-1118","2023-05-12","2023-05-18","Steve Nguyen","Home Office","United States","Newark","New Jersey","44471","East","Technology","Phones","Samsung Galaxy S23 Ultra 512GB",1598.66,2,0.0,439.09
451,"CA-2023-1225","2023-05-12","2023-05-18","Maria Etezadi","Home Office","United States","San Francisco","California","85472","West","Technology","Machines","Zebra GX430t Thermal Direct Desktop Printer",624.64,1,0.2,34.55
594,"CA-2023-1296","2023-05-16","2023-05-19","Lena Creighton","Consumer","United States","Fort Worth","Texas","92729","Central","Furniture","Tables","Balt Solid Wood Workstation Training Table",1297.54,8,0.6,-1715.0
1143,"CA-2023-1571","2023-05-18","2023-05-23","Justin Deggeller","Corporate","United States","Tucson","Arizona","65725","West","Office Supplies","Appliances","Cuisinart Microwave Oven w/ Grill",1476.26,4,0.0,479.32
740,"CA-2023-1369","2023-05-21","2023-05-23","Ruben Dartt","Consumer","United States","Rochester","New York","83530","East","Technology","Machines","Epson WorkForce Pro WF-C5790",2446.32,5,0.4,-883.38
371,"CA-2023-1185","2023-05-22","2023-05-27","Chuck Clark","Home Office","United States","Memphis","Tennessee","75762","South","Furniture","Chairs","Global High Back Tilter Chair",499.1,1,0.1,110.11
1117,"CA-2023-1558","2023-05-23","2023-05-29","Gene Hale","Corporate","United States","New York City","New York","43321","East","Office Supplies","Binders","GBC VeloBind System Two Electric Punch Bind",143.01,7,0.2,37.89
1181,"CA-2023-1590","2023-05-30","2023-06-05","Sanjit Chand","Consumer","United States","Warren","Michigan","60151","Central","Technology","Accessories","Bose QuietComfort 45 Headphones",1215.25,5,0.0,361.77
1070,"CA-2023-1534","2023-05-31","2023-06-06","Linda Cazamias","Corporate","United States","Seattle","Washington","88410","West","Furniture","Tables","Bretford CR4500 Series Slim Rectangular Table",1061.79,4,0.6,-1316.02
104,"CA-2023-1051","2023-06-01","2023-06-04","Kelly Lampkin","Corporate","United States","San Diego","California","56077","West","Technology","Copiers","Canon imageRUNNER ADVANCE C5535i Copier",13136.09,8,0.1,4581.83
728,"CA-2023-1363","2023-06-05","2023-06-07","Alejandro Grove","Consumer","United States","Salt Lake City","Utah","69436","West","Technology","Accessories","SanDisk Ultra 128GB MicroSDXC UHS-I",189.59,2,0.1,47.62
251,"CA-2023-1125","2023-06-06","2023-06-11","Chuck Clark","Home Office","United States","Columbus","Ohio","76074","East","Technology","Accessories","Logitech Wireless Gaming Headset G930",1111.11,7,0.1,297.43
568,"CA-2023-1283","2023-06-10","2023-06-12","Ken Black","Corporate","United States","Madison","Wisconsin","27793","Central","Furniture","Tables","Bevis Round Conference Table",2771.37,8,0.6,-3346.01
41,"CA-2023-1020","2023-06-12","2023-06-18","Steve Nguyen","Home Office","United States","Rochester","New York","33834","East","Office Supplies","Binders","Fellowes Binding Combs 3/8in",287.76,7,0.1,79.57
52,"CA-2023-1025","2023-06-12","2023-06-17","Irene Maddox","Consumer","United States","Columbus","Georgia","82102","South","Technology","Phones","Apple iPhone 14 128GB Midnight",2583.13,6,0.2,239.98
754,"CA-2023-1376","2023-06-15","2023-06-20","Hunter Lopez","Consumer","United States","Tucson","Arizona","65584","West","Technology","Copiers","Hewlett Packard LaserJet Multifunction Copier",2272.44,1,0.0,1086.92
1118,"CA-2023-1558","2023-06-15","2023-06-20","Zuschuss Donatelli","Home Office","United States","Phoenix","Arizona","65779","West","Furniture","Furnishings","Eldon Expressions Wood Desk Accessories",20.61,1,0.2,1.24
89,"CA-2023-1044","2023-06-19","2023-06-25","Ken Black","Corporate","United States","Madison","Wisconsin","47243","Central","Office Supplies","Labels","Avery File Folder Labels",41.64,2,0.1,13.49
447,"CA-2023-1223","2023-06-20","2023-06-26","Brosina Hoffman","Consumer","United States","Aurora","Illinois","57578","Central","Technology","Machines","Epson WorkForce Pro WF-C5790",5241.52,4,0.1,1059.46
543,"CA-2023-1271","2023-06-22","2023-06-25","Tamara Chand","Home Office","United States","Paterson","New Jersey","59465","East","Furniture","Bookcases","Atlantic Magazine Storage Shelf Rack",1276.98,5,0.0,252.55
635,"CA-2023-1317","2023-06-22","2023-06-28","Erin Smith","Corporate","United States","Virginia Beach","Virginia","23801","South","Office Supplies","Labels","Self-Adhesive Address Labels for Laser Printers",173.94,4,0.0,68.21
21,"CA-2023-1010","2023-06-24","2023-06-29","Sanjit Chand","Consumer","United States","Columbus","Ohio","56898","East","Office Supplies","Envelopes","Tyvek Tear-Proof Expandable Envelopes",84.07,7,0.0,28.72
461,"CA-2023-1230","2023-06-24","2023-06-30","Carlos Soltero","Consumer","United States","Seattle","Washington","45755","West","Office Supplies","Art","Prismacolor Premiere Colored Pencils 72-Set",59.74,5,0.2,8.48
54,"CA-2023-1026","2023-06-25","2023-06-28","Steve Nguyen","Home Office","United States","Green Bay","Wisconsin","82384","Central","Office Supplies","Art","Newell 322",176.15,4,0.0,60.27
551,"CA-2023-1275","2023-06-25","2023-06-27","Carlos Soltero","Consumer","United States","Seattle","Washington","76509","West","Furniture","Bookcases","Sauder Heritage Hill 5-Shelf Bookcase",2990.59,9,0.15,320.64
81,"CA-2023-1040","2023-06-27","2023-07-02","Harry Marie","Corporate","United States","Fort Worth","Texas","79066","Central","Furniture","Tables","BPI Wood Laminate Conference Table 96x42",438.1,2,0.45,-264.57
70,"CA-2023-1034","2023-06-28","2023-07-01","Lena Creighton","Home Office","United States","Lafayette","Indiana","22015","Central","Office Supplies","Labels","Dot Matrix Heavy Duty Labels",69.48,5,0.1,15.78
646,"CA-2023-1322","2023-06-29","2023-07-01","Zuschuss Carroll","Consumer","United States","Charlotte","North Carolina","55955","South","Office Supplies","Envelopes","Redi-Seal Security Tint Envelopes",31.51,2,0.0,11.78
158,"CA-2023-1078","2023-06-30","2023-07-04","Harold Pawlan","Consumer","United States","Knoxville","Tennessee","60493","South","Technology","Machines","Bady Automated Thermal Label Printer",326.03,1,0.2,13.5
415,"CA-2023-1207","2023-07-02","2023-07-04","Eric Hoffmann","Consumer","United States","Lexington","Kentucky","28827","South","Office Supplies","Storage","Adjustable Heavy-Duty Wire Shelving Unit",1861.07,7,0.0,464.71
57,"CA-2023-1028","2023-07-04","2023-07-08","Odella Nelson","Corporate","United States","Memphis","Tennessee","51704","South","Furniture","Chairs","Novimex Swivel Mesh Task Chair",2194.46,7,0.0,633.27
800,"CA-2023-1399","2023-07-04","2023-07-07","Matt Abelman","Home Office","United States","Philadelphia","Pennsylvania","21974","East","Technology","Machines","Zebra GX430t Thermal Direct Desktop Printer",1180.2,1,0.2,-14.95
733,"CA-2023-1366","2023-07-05","2023-07-10","Pete Kriz","Corporate","United States","Provo","Utah","48132","West","Office Supplies","Paper","Xerox 1980 High Performance Color Paper",304.47,8,0.0,127.1
742,"CA-2023-1370","2023-07-05","2023-07-11","Harold Pawlan","Home Office","United States","Houston","Texas","90804","Central","Furniture","Chairs","Herman Miller Aeron Ergonomic Office Chair",3166.17,8,0.3,-489.65
668,"CA-2023-1333","2023-07-16","2023-07-22","Emily Phan","Consumer","United States","Rochester","New York","41531","East","Office Supplies","Paper","Hammermill Premium Laser Print Paper",26.2,2,0.0,11.93
832,"CA-2023-1415","2023-07-16","2023-07-18","Chuck Clark","Home Office","United States","Allentown","Pennsylvania","79881","East","Furniture","Bookcases","Sauder Heritage Hill 5-Shelf Bookcase",1703.71,6,0.0,377.19
363,"CA-2023-1181","2023-07-18","2023-07-20","Roy Skaria","Corporate","United States","Raleigh","North Carolina","52712","South","Office Supplies","Paper","Southworth 25% Cotton Resume Paper",54.63,2,0.0,23.1
816,"CA-2023-1407","2023-07-19","2023-07-24","Darrin Van Huff","Corporate","United States","Naperville","Illinois","86595","Central","Office Supplies","Labels","Self-Adhesive Address Labels for Laser Printers",90.92,4,0.0,28.19
130,"CA-2023-1064","2023-07-20","2023-07-26","Bill Stewart","Corporate","United States","Cleveland","Ohio","34405","East","Office Supplies","Binders","Avery Non-Stick Heavy Duty Ring Binders",141.48,6,0.1,38.01
609,"CA-2023-1304","2023-07-22","2023-07-28","Gene Hale","Corporate","United States","Worcester","Massachusetts","15123","East","Office Supplies","Envelopes","Self-Seal White Catalog Envelopes #10",51.95,3,0.0,20.09
564,"CA-2023-1281","2023-07-25","2023-07-30","Sanjit Engle","Consumer","United States","New York City","New York","77490","East","Technology","Copiers","Hewlett Packard LaserJet Multifunction Copier",8468.61,6,0.1,3320.9
864,"CA-2023-1431","2023-07-26","2023-07-29","Tamara Chand","Corporate","United States","Newark","New Jersey","10621","East","Technology","Phones","Mitel 5320 IP Phone",2483.59,7,0.1,561.31
170,"CA-2023-1084","2023-07-27","2023-07-31","Sonia Cooley","Consumer","United States","Boston","Massachusetts","64819","East","Furniture","Tables","Bretford CR4500 Series Slim Rectangular Table",761.17,3,0.45,-534.01
993,"CA-2023-1496","2023-07-27","2023-07-31","Emily Phan","Consumer","United States","Portland","Oregon","51309","West","Furniture","Tables","Bretford CR4500 Series Slim Rectangular Table",3139.69,6,0.2,-425.61
691,"CA-2023-1345","2023-07-28","2023-07-31","Patrick O'Donnell","Consumer","United States","Worcester","Massachusetts","70225","East","Technology","Machines","Star Micronics TSP143III Receipt Printer",815.03,2,0.2,-27.81
1193,"CA-2023-1596","2023-07-28","2023-07-31","Odella Nelson","Corporate","United States","Allentown","Pennsylvania","27040","East","Office Supplies","Labels","Self-Adhesive Address Labels for Laser Printers",133.51,8,0.0,47.52
321,"CA-2023-1160","2023-07-29","2023-08-03","Harold Pawlan","Consumer","United States","Virginia Beach","Virginia","58722","South","Technology","Accessories","Bose QuietComfort 45 Headphones",1697.09,8,0.1,538.12
950,"CA-2023-1474","2023-07-31","2023-08-03","Tracy Blumstein","Consumer","United States","Tacoma","Washington","63547","West","Office Supplies","Fasteners","OIC Steel Paper Clips",133.89,8,0.0,40.18
685,"CA-2023-1342","2023-08-01","2023-08-03","Brosina Hoffman","Consumer","United States","Provo","Utah","86626","West","Furniture","Tables","Boxer Modern Wood End Table 2-Pack",4373.86,8,0.2,-347.55
290,"CA-2023-1144","2023-08-02","2023-08-04","Roy Skaria","Consumer","United States","Louisville","Kentucky","44517","South","Technology","Accessories","Dell UltraSharp 32-inch 4K Monitor",1682.95,7,0.0,551.13
309,"CA-2023-1154","2023-08-08","2023-08-10","Odella Nelson","Consumer","United States","Orem","Utah","11653","West","Furniture","Furnishings","Seth Thomas Executive Wall Clock",350.62,4,0.2,19.73
710,"CA-2023-1354","2023-08-08","2023-08-14","Tom Prescott","Consumer","United States","Jersey City","New Jersey","21211","East","Technology","Accessories","Keychron Q1 Pro Custom Mechanical Keyboard",85.82,1,0.1,24.07
647,"CA-2023-1323","2023-08-09","2023-08-14","Claire Gute","Consumer","United States","Cleveland","Ohio","14282","East","Office Supplies","Storage","Safco Executive Mobile File Cart",1392.85,7,0.2,0.87
31,"CA-2023-1015","2023-08-10","2023-08-16","Harry Marie","Corporate","United States","Norfolk","Virginia","68991","South","Technology","Machines","Star Micronics TSP143III Receipt Printer",6607.92,8,0.4,-1524.79
503,"CA-2023-1251","2023-08-10","2023-08-16","Linda Cazamias","Corporate","United States","New York City","New York","92864","East","Office Supplies","Storage","Iris Plastic Utility Storage Bins",1351.09,5,0.1,218.61
896,"CA-2023-1447","2023-08-10","2023-08-13","Maria Etezadi","Home Office","United States","Fort Lauderdale","Florida","29796","South","Office Supplies","Fasteners","Advantus Push Pins Plastic Head",175.8,7,0.0,64.5
333,"CA-2023-1166","2023-08-11","2023-08-13","Andrew Allen","Consumer","United States","Detroit","Michigan","23055","Central","Furniture","Tables","Bevis Round Conference Table",1013.09,7,0.6,-1296.58
373,"CA-2023-1186","2023-08-11","2023-08-17","Sonia Cooley","Corporate","United States","Mesa","Arizona","71503","West","Office Supplies","Labels","Avery File Folder Labels",344.3,9,0.2,74.79
659,"CA-2023-1329","2023-08-12","2023-08-16","Tracy Blumstein","Consumer","United States","Savannah","Georgia","85228","South","Furniture","Chairs","Hon Deluxe Fabric Upholstered Stacking Chairs",3101.71,9,0.0,822.29
520,"CA-2023-1259","2023-08-14","2023-08-17","Roy Skaria","Corporate","United States","Milwaukee","Wisconsin","25098","Central","Office Supplies","Paper","Xerox 1967",26.61,6,0.2,5.04
1064,"CA-2023-1531","2023-08-22","2023-08-25","Barry Pond","Corporate","United States","Henderson","Kentucky","87200","South","Furniture","Chairs","Hon Deluxe Fabric Upholstered Stacking Chairs",513.64,1,0.3,-22.4
58,"CA-2023-1028","2023-08-27","2023-09-01","Valerie Mitchum","Home Office","United States","Newark","New Jersey","28894","East","Furniture","Tables","Bretford CR4500 Series Slim Rectangular Table",1726.71,8,0.2,-127.25
634,"CA-2023-1316","2023-08-28","2023-09-02","Raymond Buch","Consumer","United States","Tucson","Arizona","26906","West","Furniture","Tables","Balt Solid Wood Workstation Training Table",1361.71,7,0.6,-1661.38
743,"CA-2023-1371","2023-08-28","2023-09-03","Justin Deggeller","Corporate","United States","Columbus","Georgia","10730","South","Office Supplies","Appliances","Cuisinart Microwave Oven w/ Grill",139.25,1,0.3,-1.3
226,"CA-2023-1112","2023-08-29","2023-09-01","Harry Marie","Corporate","United States","Worcester","Massachusetts","71171","East","Office Supplies","Storage","Tennsco Deluxe Steel Storage Cabinet 78H",2127.94,7,0.0,542.79
606,"CA-2023-1302","2023-08-30","2023-09-02","Kelly Lampkin","Corporate","United States","Seattle","Washington","92557","West","Office Supplies","Envelopes","Brown Kraft Clasp Envelopes 9x12",474.92,9,0.1,189.43
221,"CA-2023-1110","2023-09-01","2023-09-05","Darrin Van Huff","Corporate","United States","Grand Rapids","Michigan","45313","Central","Office Supplies","Art","Prismacolor Premiere Colored Pencils 72-Set",64.58,3,0.0,27.69
448,"CA-2023-1223","2023-09-01","2023-09-05","Darrin Van Huff","Corporate","United States","San Francisco","California","80111","West","Office Supplies","Envelopes","Redi-Seal Security Tint Envelopes",200.71,5,0.0,84.32
16,"CA-2023-1007","2023-09-04","2023-09-10","Ken Black","Home Office","United States","Seattle","Washington","85880","West","Technology","Phones","Apple iPhone 15 Pro Max 256GB",2130.57,4,0.0,727.03
631,"CA-2023-1315","2023-09-04","2023-09-06","Linda Cazamias","Home Office","United States","Miami","Florida","68652","South","Technology","Accessories","Keychron Q1 Pro Custom Mechanical Keyboard",540.8,3,0.1,104.65
562,"CA-2023-1280","2023-09-06","2023-09-08","Claire Gute","Consumer","United States","San Francisco","California","72027","West","Technology","Phones","Google Pixel 8 Pro 256GB",6773.96,9,0.2,967.02
1146,"CA-2023-1572","2023-09-07","2023-09-12","Ruben Dartt","Consumer","United States","Indianapolis","Indiana","22097","Central","Office Supplies","Labels","Self-Adhesive Address Labels for Laser Printers",29.46,2,0.0,12.43
74,"CA-2023-1036","2023-09-08","2023-09-13","Ken Lonsdale","Home Office","United States","Miami","Florida","52622","South","Office Supplies","Paper","Xerox 1967",48.3,3,0.2,12.47
402,"CA-2023-1200","2023-09-10","2023-09-13","Tamara Chand","Corporate","United States","Eugene","Oregon","92222","West","Furniture","Furnishings","Seth Thomas Executive Wall Clock",496.09,6,0.0,162.08
423,"CA-2023-1211","2023-09-10","2023-09-14","Alejandro Grove","Consumer","United States","Austin","Texas","50295","Central","Furniture","Bookcases","Sauder Heritage Hill 5-Shelf Bookcase",1019.71,3,0.15,-13.79
1113,"CA-2023-1556","2023-09-10","2023-09-13","Gene Hale","Corporate","United States","Los Angeles","California","82593","West","Technology","Phones","Mitel 5320 IP Phone",2418.09,9,0.2,93.95
276,"CA-2023-1137","2023-09-15","2023-09-17","Chuck Clark","Home Office","United States","Charlotte","North Carolina","25509","South","Furniture","Tables","Chromcraft Bull-Nose Wood Oval Conference Tables",397.0,3,0.6,-509.93
332,"CA-2023-1165","2023-09-17","2023-09-20","Hunter Lopez","Consumer","United States","Portland","Oregon","16957","West","Office Supplies","Paper","Xerox 1967",80.19,5,0.0,33.62
580,"CA-2023-1289","2023-09-19","2023-09-24","Ruben Dartt","Consumer","United States","Salt Lake City","Utah","18379","West","Technology","Accessories","Logitech MX Master 3S Wireless Mouse",95.73,1,0.2,20.65
735,"CA-2023-1367","2023-09-22","2023-09-26","Dan Lawera","Consumer","United States","Madison","Wisconsin","26936","Central","Furniture","Chairs","Novimex Swivel Mesh Task Chair",2226.2,4,0.2,-12.67
1007,"CA-2023-1503","2023-09-23","2023-09-29","Chuck Clark","Home Office","United States","Rochester","New York","50660","East","Technology","Copiers","Canon imageCLASS MF743Cdw All-in-One",7891.37,5,0.2,1881.81
785,"CA-2023-1392","2023-09-24","2023-09-28","Irene Maddox","Consumer","United States","Grand Rapids","Michigan","56088","Central","Office Supplies","Supplies","Helix Stainless Steel Ruler",10.86,1,0.2,2.67
1191,"CA-2023-1595","2023-09-25","2023-10-01","Claire Gute","Consumer","United States","Virginia Beach","Virginia","15778","South","Technology","Phones","Mitel 5320 IP Phone",4218.48,9,0.1,777.53
178,"CA-2023-1088","2023-09-27","2023-09-29","Tom Prescott","Consumer","United States","Eugene","Oregon","47171","West","Furniture","Furnishings","Seth Thomas Executive Wall Clock",645.65,7,0.1,135.62
727,"CA-2023-1363","2023-09-28","2023-09-30","Lena Creighton","Consumer","United States","Lexington","Kentucky","68249","South","Technology","Accessories","Logitech MX Master 3S Wireless Mouse",1161.84,5,0.0,415.28
341,"CA-2023-1170","2023-10-01","2023-10-06","Matt Abelman","Home Office","United States","Mesa","Arizona","78242","West","Office Supplies","Appliances","Fellowes Powershred 99Ci Paper Shredder",2469.02,9,0.0,824.29
954,"CA-2023-1476","2023-10-03","2023-10-08","Pauline Chand","Corporate","United States","Austin","Texas","14757","Central","Office Supplies","Storage","Tennsco Deluxe Steel Storage Cabinet 78H",276.74,3,0.0,83.69
435,"CA-2023-1217","2023-10-04","2023-10-08","Tamara Chand","Corporate","United States","Mesa","Arizona","61299","West","Office Supplies","Envelopes","Redi-Seal Security Tint Envelopes",287.39,8,0.0,89.45
211,"CA-2023-1105","2023-10-07","2023-10-11","Kelly Lampkin","Corporate","United States","Norfolk","Virginia","12631","South","Technology","Accessories","Keychron Q1 Pro Custom Mechanical Keyboard",366.1,8,0.1,112.62
592,"CA-2023-1295","2023-10-07","2023-10-09","Pauline Chand","Consumer","United States","Jersey City","New Jersey","65702","East","Technology","Phones","Google Pixel 8 Pro 256GB",681.4,1,0.0,229.38
1086,"CA-2023-1542","2023-10-07","2023-10-13","Odella Nelson","Corporate","United States","Lafayette","Indiana","33301","Central","Office Supplies","Fasteners","Swingline Heavy-Duty Desk Stapler",289.91,6,0.0,129.97
608,"CA-2023-1303","2023-10-11","2023-10-17","Andrew Allen","Home Office","United States","Virginia Beach","Virginia","77213","South","Office Supplies","Storage","Adjustable Heavy-Duty Wire Shelving Unit",123.35,3,0.0,33.14
788,"CA-2023-1393","2023-10-11","2023-10-15","Delfina Latchford","Consumer","United States","Atlanta","Georgia","95603","South","Technology","Copiers","Sharp AL-1530CS Digital Copier",4708.08,3,0.2,969.56
475,"CA-2023-1237","2023-10-13","2023-10-19","Sanjit Engle","Consumer","United States","Aurora","Illinois","85550","Central","Office Supplies","Supplies","Helix Stainless Steel Ruler",159.43,4,0.1,50.6
1112,"CA-2023-1555","2023-10-14","2023-10-19","Lena Creighton","Consumer","United States","Indianapolis","Indiana","42935","Central","Office Supplies","Supplies","Stabila 24-Inch Magnetic Level",124.06,6,0.0,55.66
440,"CA-2023-1219","2023-10-15","2023-10-17","Kelly Lampkin","Corporate","United States","Aurora","Illinois","45830","Central","Technology","Machines","Zebra GX430t Thermal Direct Desktop Printer",1858.0,2,0.2,85.31
229,"CA-2023-1114","2023-10-16","2023-10-20","Anthony Jacobs","Corporate","United States","Mesa","Arizona","98063","West","Technology","Accessories","Dell UltraSharp 32-inch 4K Monitor",584.19,4,0.2,106.43
1074,"CA-2023-1536","2023-10-16","2023-10-19","Alejandro Grove","Consumer","United States","Paterson","New Jersey","91946","East","Furniture","Tables","Bevis Round Conference Table",721.65,9,0.6,-876.16
567,"CA-2023-1283","2023-10-17","2023-10-21","Ken Lonsdale","Corporate","United States","Raleigh","North Carolina","23824","South","Furniture","Furnishings","Nu-Dell Wood Desk Tray",177.34,4,0.0,40.91
247,"CA-2023-1123","2023-10-18","2023-10-20","Carlos Soltero","Consumer","United States","San Jose","California","76628","West","Office Supplies","Labels","Self-Adhesive Address Labels for Laser Printers",97.1,2,0.0,45.89
952,"CA-2023-1475","2023-10-20","2023-10-25","Delfina Latchford","Consumer","United States","Houston","Texas","45932","Central","Technology","Machines","Zebra GX430t Thermal Direct Desktop Printer",2303.94,7,0.4,-778.99
99,"CA-2023-1049","2023-10-21","2023-10-23","Dan Lawera","Consumer","United States","Pittsburgh","Pennsylvania","78614","East","Office Supplies","Labels","Avery File Folder Labels",145.55,4,0.0,46.21
153,"CA-2023-1076","2023-10-21","2023-10-25","Denny Ward","Consumer","United States","Phoenix","Arizona","81176","West","Furniture","Chairs","Harbour Creations Executive Chair",2174.51,8,0.2,297.32
532,"CA-2023-1265","2023-10-21","2023-10-25","Odella Nelson","Corporate","United States","Lexington","Kentucky","30144","South","Technology","Copiers","Canon imageRUNNER ADVANCE C5535i Copier",1764.88,1,0.0,626.23
406,"CA-2023-1202","2023-10-24","2023-10-26","Roy Skaria","Corporate","United States","Green Bay","Wisconsin","47797","Central","Office Supplies","Art","Prismacolor Premiere Colored Pencils 72-Set",78.42,8,0.0,28.09
782,"CA-2023-1390","2023-10-25","2023-10-31","Mick Brown","Consumer","United States","Detroit","Michigan","22733","Central","Office Supplies","Binders","Avery Non-Stick Heavy Duty Ring Binders",514.13,7,0.1,117.08
327,"CA-2023-1163","2023-10-26","2023-10-29","Brosina Hoffman","Consumer","United States","Knoxville","Tennessee","54062","South","Technology","Phones","Apple iPhone 14 128GB Midnight",3169.94,7,0.0,821.49
756,"CA-2023-1377","2023-10-27","2023-11-02","Steve Nguyen","Corporate","United States","Nashville","Tennessee","89632","South","Technology","Copiers","Canon imageRUNNER ADVANCE C5535i Copier",2205.85,1,0.1,915.43
961,"CA-2023-1480","2023-10-28","2023-10-31","Sean O'Donnell","Consumer","United States","Detroit","Michigan","36044","Central","Technology","Machines","Epson WorkForce Pro WF-C5790",2769.57,7,0.4,-1137.46
280,"CA-2023-1139","2023-10-30","2023-11-02","Harry Marie","Corporate","United States","Mesa","Arizona","98940","West","Furniture","Bookcases","Atlantic Magazine Storage Shelf Rack",1247.08,3,0.0,237.08
505,"CA-2023-1252","2023-10-31","2023-11-04","Ken Lonsdale","Corporate","United States","Madison","Wisconsin","27527","Central","Furniture","Tables","Balt Solid Wood Workstation Training Table",1669.95,4,0.2,-187.97
203,"CA-2023-1101","2023-11-01","2023-11-05","Brosina Hoffman","Consumer","United States","Virginia Beach","Virginia","38758","South","Technology","Accessories","Keychron Q1 Pro Custom Mechanical Keyboard",176.58,2,0.0,50.53
117,"CA-2023-1058","2023-11-02","2023-11-06","Carlos Soltero","Consumer","United States","Savannah","Georgia","57964","South","Furniture","Bookcases","Atlantic Magazine Storage Shelf Rack",797.28,3,0.35,-166.1
186,"CA-2023-1092","2023-11-02","2023-11-04","Craig Carreira","Consumer","United States","Fort Wayne","Indiana","50620","Central","Office Supplies","Fasteners","Staples Box Binder Clips",311.14,9,0.0,96.62
198,"CA-2023-1098","2023-11-03","2023-11-06","Patrick O'Donnell","Consumer","United States","Orem","Utah","70560","West","Furniture","Bookcases","Atlantic Magazine Storage Shelf Rack",2356.67,8,0.0,451.34
739,"CA-2023-1369","2023-11-03","2023-11-05","Chuck Clark","Home Office","United States","Miami","Florida","52431","South","Technology","Accessories","Logitech Wireless Gaming Headset G930",483.66,7,0.1,129.44
783,"CA-2023-1391","2023-11-03","2023-11-09","Linda Cazamias","Corporate","United States","Virginia Beach","Virginia","54642","South","Technology","Copiers","Canon imageCLASS MF743Cdw All-in-One",11259.67,7,0.0,4882.74
698,"CA-2023-1348","2023-11-04","2023-11-09","Tracy Blumstein","Home Office","United States","Chicago","Illinois","19801","Central","Office Supplies","Storage","Tennsco Deluxe Steel Storage Cabinet 78H",329.75,6,0.1,74.95
1082,"CA-2023-1540","2023-11-04","2023-11-07","Sanjit Engle","Home Office","United States","Jersey City","New Jersey","91365","East","Technology","Phones","Apple iPhone 14 128GB Midnight",3941.9,7,0.0,976.01
673,"CA-2023-1336","2023-11-06","2023-11-09","Odella Nelson","Corporate","United States","Albany","New York","99024","East","Office Supplies","Appliances","Avanti Single-Door Compact Refrigerator",1189.4,3,0.1,309.99
944,"CA-2023-1471","2023-11-07","2023-11-13","Craig Carreira","Consumer","United States","San Antonio","Texas","29181","Central","Office Supplies","Binders","Fellowes Binding Combs 3/8in",635.82,8,0.1,237.72
1,"CA-2023-1000","2023-11-08","2023-11-11","Maria Etezadi","Home Office","United States","Tucson","Arizona","95181","West","Furniture","Bookcases","Bush Somerset Collection Bookcase",616.87,4,0.15,35.03
559,"CA-2023-1279","2023-11-09","2023-11-12","Maria Etezadi","Home Office","United States","Chicago","Illinois","95789","Central","Office Supplies","Labels","Self-Adhesive Address Labels for Laser Printers",85.6,2,0.1,25.07
610,"CA-2023-1304","2023-11-09","2023-11-11","Raymond Buch","Consumer","United States","Columbus","Ohio","44608","East","Furniture","Tables","Bevis Round Conference Table",1281.58,6,0.5,-910.84
399,"CA-2023-1199","2023-11-10","2023-11-16","Ken Black","Corporate","United States","Cincinnati","Ohio","70655","East","Furniture","Bookcases","Atlantic Magazine Storage Shelf Rack",1586.66,9,0.35,-245.48
234,"CA-2023-1116","2023-11-11","2023-11-17","Emily Phan","Consumer","United States","Allentown","Pennsylvania","18557","East","Office Supplies","Storage","Adjustable Heavy-Duty Wire Shelving Unit",317.8,2,0.0,86.01
847,"CA-2023-1423","2023-11-11","2023-11-14","Delfina Latchford","Consumer","United States","Columbus","Ohio","42158","East","Technology","Copiers","Canon ImageCLASS 2200 Advanced Copier",9452.77,8,0.0,4294.03
921,"CA-2023-1460","2023-11-11","2023-11-15","Anthony Jacobs","Corporate","United States","Madison","Wisconsin","88925","Central","Office Supplies","Paper","Xerox 1980 High Performance Color Paper",246.87,9,0.0,116.59
1111,"CA-2023-1555","2023-11-11","2023-11-15","Gene Hale","Corporate","United States","Buffalo","New York","63154","East","Technology","Copiers","Canon ImageCLASS 2200 Advanced Copier",3598.8,4,0.0,1268.68
133,"CA-2023-1066","2023-11-13","2023-11-19","Tamara Chand","Corporate","United States","Orem","Utah","64505","West","Technology","Accessories","Keychron Q1 Pro Custom Mechanical Keyboard",372.08,3,0.1,90.22
836,"CA-2023-1417","2023-11-13","2023-11-15","Sanjit Engle","Consumer","United States","Pittsburgh","Pennsylvania","23449","East","Furniture","Tables","Balt Solid Wood Workstation Training Table",322.86,1,0.5,-256.97
1128,"CA-2023-1563","2023-11-13","2023-11-19","Steve Nguyen","Home Office","United States","Norfolk","Virginia","87180","South","Furniture","Furnishings","Deflect-o Desk Pad",691.67,8,0.0,144.56
324,"CA-2023-1161","2023-11-14","2023-11-20","Zuschuss Donatelli","Corporate","United States","Dallas","Texas","84774","Central","Office Supplies","Appliances","Hamilton Beach Commercial Toaster",664.83,4,0.0,216.36
678,"CA-2023-1338","2023-11-14","2023-11-19","Denny Ward","Consumer","United States","Detroit","Michigan","91762","Central","Furniture","Furnishings","Seth Thomas Executive Wall Clock",634.26,8,0.1,136.84
689,"CA-2023-1344","2023-11-14","2023-11-20","Emily Phan","Consumer","United States","Warren","Michigan","70812","Central","Furniture","Furnishings","DAX Clear Document Frame",295.59,5,0.0,96.23
941,"CA-2023-1470","2023-11-14","2023-11-20","Hunter Lopez","Consumer","United States","Jersey City","New Jersey","92460","East","Furniture","Furnishings","DAX Clear Document Frame",580.77,9,0.1,137.87
861,"CA-2023-1430","2023-11-15","2023-11-18","Linda Cazamias","Corporate","United States","Memphis","Tennessee","89909","South","Office Supplies","Art","Fiskars Recycled Scissors",28.82,1,0.1,7.83
985,"CA-2023-1492","2023-11-15","2023-11-19","Ruben Dartt","Consumer","United States","Tacoma","Washington","68884","West","Technology","Copiers","Sharp AL-1530CS Digital Copier",4036.42,5,0.0,1551.53
277,"CA-2023-1138","2023-11-16","2023-11-21","Roy Skaria","Corporate","United States","Newark","New Jersey","17328","East","Furniture","Bookcases","Sauder Heritage Hill 5-Shelf Bookcase",375.24,3,0.15,16.18
633,"CA-2023-1316","2023-11-16","2023-11-18","Barry Pond","Corporate","United States","Houston","Texas","43809","Central","Office Supplies","Appliances","Honeywell True HEPA Air Purifier HPA300",148.85,2,0.3,2.64
956,"CA-2023-1477","2023-11-17","2023-11-19","Tracy Blumstein","Consumer","United States","Mesa","Arizona","40965","West","Technology","Accessories","Dell UltraSharp 32-inch 4K Monitor",1224.93,9,0.0,384.0
629,"CA-2023-1314","2023-11-18","2023-11-21","Dan Lawera","Consumer","United States","Boston","Massachusetts","11111","East","Technology","Phones","Polycom SoundPoint Pro SE-225 Phone",2030.23,8,0.1,332.03
765,"CA-2023-1382","2023-11-18","2023-11-22","Eric Hoffmann","Consumer","United States","Sacramento","California","96285","West","Technology","Accessories","Logitech MX Master 3S Wireless Mouse",325.1,3,0.2,40.01
1062,"CA-2023-1530","2023-11-18","2023-11-22","Alejandro Grove","Consumer","United States","Milwaukee","Wisconsin","44681","Central","Furniture","Chairs","Global High Back Tilter Chair",1238.37,2,0.2,87.19
814,"CA-2023-1406","2023-11-19","2023-11-24","Sean O'Donnell","Consumer","United States","Fort Wayne","Indiana","79699","Central","Office Supplies","Appliances","Avanti Single-Door Compact Refrigerator",578.33,2,0.0,200.48
1056,"CA-2023-1527","2023-11-19","2023-11-24","Valerie Mitchum","Consumer","United States","Portland","Oregon","16280","West","Furniture","Bookcases","Sauder Heritage Hill 5-Shelf Bookcase",2329.48,6,0.0,528.87
257,"CA-2023-1128","2023-11-20","2023-11-25","Tracy Blumstein","Consumer","United States","Lafayette","Indiana","34507","Central","Technology","Accessories","SanDisk Ultra 128GB MicroSDXC UHS-I",392.99,4,0.0,108.7
262,"CA-2023-1130","2023-11-20","2023-11-25","Carlos Soltero","Home Office","United States","Worcester","Massachusetts","97862","East","Furniture","Bookcases","Sauder Heritage Hill 5-Shelf Bookcase",2192.66,9,0.15,132.85
445,"CA-2023-1222","2023-11-21","2023-11-23","Sanjit Engle","Consumer","United States","Los Angeles","California","62021","West","Office Supplies","Storage","Fellowes Bankers Box Stor/Drawer Steel Plus",2226.0,7,0.0,624.62
777,"CA-2023-1388","2023-11-21","2023-11-26","Pauline Chand","Corporate","United States","San Jose","California","13084","West","Office Supplies","Appliances","Avanti Single-Door Compact Refrigerator",832.13,6,0.2,66.43
1179,"CA-2023-1589","2023-11-21","2023-11-26","Emily Phan","Consumer","United States","Tacoma","Washington","39069","West","Furniture","Bookcases","Riverside Palais Royal Lawyers Bookcase",451.98,6,0.35,-128.13
343,"CA-2023-1171","2023-11-23","2023-11-29","Zuschuss Donatelli","Consumer","United States","Jacksonville","Florida","13265","South","Furniture","Chairs","Novimex Swivel Mesh Task Chair",1541.7,9,0.3,-136.78
407,"CA-2023-1203","2023-11-23","2023-11-26","Carlos Soltero","Consumer","United States","Orem","Utah","48209","West","Technology","Accessories","Logitech MX Master 3S Wireless Mouse",751.97,6,0.0,271.2
486,"CA-2023-1242","2023-11-23","2023-11-28","Delfina Latchford","Consumer","United States","Lexington","Kentucky","26515","South","Technology","Machines","Zebra GX430t Thermal Direct Desktop Printer",1203.41,5,0.4,-339.73
557,"CA-2023-1278","2023-11-23","2023-11-26","Gene Hale","Corporate","United States","Boston","Massachusetts","62122","East","Technology","Accessories","Logitech Wireless Gaming Headset G930",321.21,2,0.2,58.88
1149,"CA-2023-1574","2023-11-24","2023-11-29","Odella Nelson","Corporate","United States","Lafayette","Indiana","58299","Central","Office Supplies","Envelopes","Self-Seal White Catalog Envelopes #10",283.81,8,0.0,134.74
966,"CA-2023-1482","2023-11-25","2023-11-30","Justin Deggeller","Corporate","United States","Mesa","Arizona","28868","West","Technology","Phones","Apple iPhone 14 128GB Midnight",3030.97,7,0.1,697.6
163,"CA-2023-1081","2023-11-27","2023-12-02","Ken Lonsdale","Corporate","United States","Austin","Texas","86315","Central","Technology","Accessories","SanDisk Ultra 128GB MicroSDXC UHS-I",1146.05,7,0.2,87.52
518,"CA-2023-1258","2023-11-27","2023-11-30","Brosina Hoffman","Consumer","United States","Eugene","Oregon","71263","West","Furniture","Chairs","Harbour Creations Executive Chair",1959.12,4,0.3,-202.02
676,"CA-2023-1337","2023-11-27","2023-12-03","Roy Skaria","Home Office","United States","Spokane","Washington","57109","West","Furniture","Chairs","Steelcase Gesture Ergonomic Office Chair",961.15,8,0.3,-53.74
581,"CA-2023-1290","2023-11-29","2023-12-05","Tamara Chand","Corporate","United States","Tacoma","Washington","26127","West","Furniture","Chairs","Novimex Swivel Mesh Task Chair",368.94,3,0.2,19.65
120,"CA-2023-1059","2023-11-30","2023-12-06","Chuck Clark","Home Office","United States","San Antonio","Texas","83783","Central","Technology","Copiers","Canon imageCLASS MF743Cdw All-in-One",8977.15,6,0.1,3256.28
513,"CA-2023-1256","2023-12-01","2023-12-03","Tom Prescott","Consumer","United States","Tampa","Florida","26716","South","Technology","Phones","Mitel 5320 IP Phone",891.7,1,0.0,228.82
1042,"CA-2023-1520","2023-12-01","2023-12-03","Lena Creighton","Consumer","United States","San Antonio","Texas","65904","Central","Office Supplies","Fasteners","OIC Steel Paper Clips",33.56,1,0.0,10.04
1131,"CA-2023-1565","2023-12-01","2023-12-05","Delfina Latchford","Consumer","United States","Albany","New York","86021","East","Furniture","Chairs","Novimex Swivel Mesh Task Chair",1063.42,6,0.2,-0.1
487,"CA-2023-1243","2023-12-02","2023-12-06","Eric Hoffmann","Home Office","United States","Fort Wayne","Indiana","41632","Central","Technology","Accessories","Logitech Wireless Gaming Headset G930",203.78,1,0.1,52.3
1017,"CA-2023-1508","2023-12-02","2023-12-08","Arthur Prichep","Consumer","United States","Milwaukee","Wisconsin","46592","Central","Technology","Accessories","Logitech MX Master 3S Wireless Mouse",403.25,7,0.2,88.46
301,"CA-2023-1150","2023-12-03","2023-12-08","Ken Black","Consumer","United States","Allentown","Pennsylvania","81884","East","Office Supplies","Art","Prismacolor Premiere Colored Pencils 72-Set",72.46,3,0.1,16.03
512,"CA-2023-1255","2023-12-03","2023-12-05","Darrin Van Huff","Corporate","United States","Mesa","Arizona","53724","West","Office Supplies","Storage","Adjustable Heavy-Duty Wire Shelving Unit",373.62,2,0.0,117.71
642,"CA-2023-1320","2023-12-03","2023-12-08","Alejandro Grove","Consumer","United States","San Francisco","California","55624","West","Technology","Accessories","Logitech MX Master 3S Wireless Mouse",1813.43,9,0.0,616.82
656,"CA-2023-1327","2023-12-04","2023-12-10","Craig Carreira","Consumer","United States","Dallas","Texas","91646","Central","Technology","Machines","Epson WorkForce Pro WF-C5790",5174.3,8,0.2,401.41
670,"CA-2023-1334","2023-12-04","2023-12-06","Raymond Buch","Consumer","United States","Raleigh","North Carolina","24311","South","Furniture","Furnishings","Seth Thomas Executive Wall Clock",291.83,5,0.2,32.42
191,"CA-2023-1095","2023-12-05","2023-12-08","Sean O'Donnell","Consumer","United States","Raleigh","North Carolina","75803","South","Furniture","Furnishings","DAX Clear Document Frame",513.0,5,0.0,155.38
583,"CA-2023-1291","2023-12-05","2023-12-11","Carlos Soltero","Consumer","United States","Lafayette","Indiana","34651","Central","Technology","Accessories","SanDisk Ultra 128GB MicroSDXC UHS-I",354.93,2,0.0,91.12
654,"CA-2023-1326","2023-12-05","2023-12-07","Emily Phan","Consumer","United States","Mesa","Arizona","38804","West","Furniture","Chairs","Steelcase Gesture Ergonomic Office Chair",1402.2,2,0.1,131.07
996,"CA-2023-1497","2023-12-06","2023-12-08","Alejandro Grove","Consumer","United States","Salt Lake City","Utah","86313","West","Furniture","Tables","Balt Solid Wood Workstation Training Table",3451.92,6,0.3,-1142.77
672,"CA-2023-1335","2023-12-07","2023-12-10","Craig Carreira","Consumer","United States","Fort Wayne","Indiana","50019","Central","Technology","Phones","Mitel 5320 IP Phone",1445.44,3,0.2,189.84
863,"CA-2023-1431","2023-12-07","2023-12-11","Kelly Lampkin","Home Office","United States","Henderson","Kentucky","22930","South","Technology","Accessories","Bose QuietComfort 45 Headphones",1088.66,6,0.0,279.47
1090,"CA-2023-1544","2023-12-07","2023-12-09","Bill Stewart","Corporate","United States","Columbus","Ohio","92170","East","Technology","Accessories","Keychron Q1 Pro Custom Mechanical Keyboard",124.31,2,0.0,42.39
239,"CA-2023-1119","2023-12-08","2023-12-12","Tamara Chand","Corporate","United States","Albany","New York","85255","East","Furniture","Furnishings","DAX Clear Document Frame",81.1,4,0.0,26.03
469,"CA-2023-1234","2023-12-08","2023-12-14","Brosina Hoffman","Consumer","United States","Phoenix","Arizona","56590","West","Technology","Machines","Epson WorkForce Pro WF-C5790",1372.14,2,0.2,99.56
42,"CA-2023-1020","2023-12-09","2023-12-15","Hunter Lopez","Consumer","United States","Phoenix","Arizona","94659","West","Furniture","Chairs","Harbour Creations Executive Chair",2410.82,7,0.3,-47.73
105,"CA-2023-1052","2023-12-09","2023-12-11","Andrew Allen","Consumer","United States","Savannah","Georgia","14561","South","Technology","Accessories","Logitech Wireless Gaming Headset G930",521.91,3,0.2,98.97
1084,"CA-2023-1541","2023-12-09","2023-12-11","Harry Marie","Corporate","United States","Newark","New Jersey","62716","East","Office Supplies","Appliances","Cuisinart Microwave Oven w/ Grill",1256.13,4,0.2,138.93
317,"CA-2023-1158","2023-12-10","2023-12-16","Zuschuss Donatelli","Consumer","United States","Green Bay","Wisconsin","33414","Central","Office Supplies","Art","Newell 322",371.15,9,0.0,107.17
1005,"CA-2023-1502","2023-12-10","2023-12-15","Pete Kriz","Consumer","United States","Cambridge","Massachusetts","55592","East","Furniture","Furnishings","Eldon Expressions Wood Desk Accessories",630.84,8,0.2,75.17
648,"CA-2023-1323","2023-12-11","2023-12-14","Denny Ward","Consumer","United States","Cleveland","Ohio","62837","East","Furniture","Furnishings","Eldon Expressions Wood Desk Accessories",230.21,7,0.0,72.41
936,"CA-2023-1467","2023-12-11","2023-12-17","Bill Stewart","Consumer","United States","San Antonio","Texas","60837","Central","Furniture","Chairs","Harbour Creations Executive Chair",3490.51,8,0.1,426.53
298,"CA-2023-1148","2023-12-12","2023-12-16","Sanjit Chand","Consumer","United States","Detroit","Michigan","32877","Central","Office Supplies","Art","Boston School Pro Electric Pencil Sharpener",117.53,4,0.2,30.85
106,"CA-2023-1052","2023-12-13","2023-12-19","Sean O'Donnell","Consumer","United States","Columbus","Georgia","42717","South","Office Supplies","Art","Sanford Liquid Accent Highlighters",102.36,3,0.0,36.81
553,"CA-2023-1276","2023-12-13","2023-12-16","Roy Skaria","Corporate","United States","Raleigh","North Carolina","82463","South","Furniture","Furnishings","Deflect-o Desk Pad",191.77,2,0.0,70.16
491,"CA-2023-1245","2023-12-14","2023-12-20","Bill Stewart","Corporate","United States","Fort Wayne","Indiana","28919","Central","Technology","Machines","Epson WorkForce Pro WF-C5790",8482.03,8,0.1,1060.61
1035,"CA-2023-1517","2023-12-14","2023-12-18","Tamara Chand","Home Office","United States","Philadelphia","Pennsylvania","81352","East","Furniture","Bookcases","O'Sullivan 2-Shelf Adjustable Bookcase",2273.39,8,0.0,485.96
350,"CA-2023-1174","2023-12-16","2023-12-19","Hunter Lopez","Consumer","United States","Sacramento","California","78864","West","Technology","Phones","Google Pixel 8 Pro 256GB",2470.22,5,0.1,623.51
640,"CA-2023-1319","2023-12-16","2023-12-21","Kelly Lampkin","Corporate","United States","Jersey City","New Jersey","97551","East","Technology","Machines","Bady Automated Thermal Label Printer",11157.18,9,0.0,2672.92
797,"CA-2023-1398","2023-12-16","2023-12-22","Ken Black","Corporate","United States","Cincinnati","Ohio","78843","East","Office Supplies","Envelopes","Brown Kraft Clasp Envelopes 9x12",368.18,7,0.0,138.82
934,"CA-2023-1466","2023-12-16","2023-12-21","Chuck Clark","Home Office","United States","New York City","New York","83055","East","Furniture","Bookcases","O'Sullivan 2-Shelf Adjustable Bookcase",798.3,3,0.2,-21.96
1010,"CA-2023-1504","2023-12-16","2023-12-19","Kelly Lampkin","Corporate","United States","Paterson","New Jersey","71221","East","Furniture","Bookcases","Bush Somerset Collection Bookcase",461.44,3,0.15,44.87
960,"CA-2023-1479","2023-12-17","2023-12-22","Ken Lonsdale","Corporate","United States","Virginia Beach","Virginia","31875","South","Technology","Copiers","Canon imageCLASS MF743Cdw All-in-One",13089.97,7,0.1,4778.14
367,"CA-2023-1183","2023-12-20","2023-12-26","Delfina Latchford","Home Office","United States","Warren","Michigan","76902","Central","Technology","Copiers","Sharp AL-1530CS Digital Copier",11920.76,6,0.2,3537.62
151,"CA-2023-1075","2023-12-21","2023-12-27","Linda Cazamias","Home Office","United States","Charlotte","North Carolina","45038","South","Furniture","Chairs","Herman Miller Aeron Ergonomic Office Chair",1868.31,4,0.2,35.82
804,"CA-2023-1401","2023-12-21","2023-12-26","Pete Kriz","Consumer","United States","Newark","New Jersey","98208","East","Office Supplies","Envelopes","Redi-Seal Security Tint Envelopes",100.6,8,0.1,21.59
11,"CA-2023-1005","2023-12-22","2023-12-26","Delfina Latchford","Consumer","United States","Fort Lauderdale","Florida","10942","South","Furniture","Bookcases","Riverside Palais Royal Lawyers Bookcase",260.02,1,0.15,-0.03
879,"CA-2023-1439","2023-12-23","2023-12-25","Ken Lonsdale","Consumer","United States","Los Angeles","California","29739","West","Furniture","Tables","Bretford CR4500 Series Slim Rectangular Table",2045.03,6,0.6,-2629.54
1116,"CA-2023-1557","2023-12-23","2023-12-28","Ruben Dartt","Corporate","United States","Buffalo","New York","68565","East","Furniture","Bookcases","O'Sullivan 2-Shelf Adjustable Bookcase",916.18,7,0.2,-12.46
218,"CA-2023-1108","2023-12-24","2023-12-26","Irene Maddox","Consumer","United States","Virginia Beach","Virginia","64997","South","Office Supplies","Envelopes","Redi-Seal Security Tint Envelopes",38.61,1,0.2,9.88
998,"CA-2023-1498","2023-12-24","2023-12-26","Alejandro Grove","Home Office","United States","San Jose","California","20749","West","Furniture","Furnishings","DAX Clear Document Frame",519.38,7,0.0,128.59
409,"CA-2023-1204","2023-12-25","2023-12-27","Zuschuss Donatelli","Consumer","United States","Greensboro","North Carolina","30117","South","Furniture","Tables","Chromcraft Bull-Nose Wood Oval Conference Tables",945.04,3,0.6,-1135.73
3,"CA-2023-1001","2023-12-26","2023-12-28","Sanjit Engle","Consumer","United States","Portland","Oregon","96673","West","Technology","Copiers","Canon imageCLASS MF743Cdw All-in-One",10688.99,6,0.0,4870.82
658,"CA-2023-1328","2023-12-26","2023-12-29","Patrick O'Donnell","Consumer","United States","Cambridge","Massachusetts","38019","East","Furniture","Tables","Bretford CR4500 Series Slim Rectangular Table",253.81,1,0.4,-147.59
1144,"CA-2023-1571","2023-12-26","2023-12-31","Valerie Mitchum","Home Office","United States","Jersey City","New Jersey","55485","East","Technology","Copiers","Canon ImageCLASS 2200 Advanced Copier",2358.45,2,0.2,589.91
66,"CA-2023-1032","2023-12-27","2023-12-30","Gene Hale","Corporate","United States","Savannah","Georgia","83048","South","Office Supplies","Art","Fiskars Recycled Scissors",22.93,2,0.1,9.51
101,"CA-2023-1050","2023-12-27","2023-12-30","Tom Prescott","Consumer","United States","Louisville","Kentucky","15492","South","Furniture","Bookcases","Atlantic Magazine Storage Shelf Rack",172.3,1,0.15,-4.93
997,"CA-2023-1498","2023-12-27","2024-01-02","Justin Deggeller","Corporate","United States","Mesa","Arizona","50880","West","Technology","Copiers","Canon imageCLASS MF743Cdw All-in-One",4853.7,5,0.0,1992.67
713,"CA-2023-1356","2023-12-28","2024-01-02","Alejandro Grove","Consumer","United States","Allentown","Pennsylvania","86007","East","Technology","Phones","Apple iPhone 14 128GB Midnight",1133.15,2,0.2,39.15
1078,"CA-2023-1538","2023-12-28","2024-01-02","Sandra Flanagan","Consumer","United States","Milwaukee","Wisconsin","23398","Central","Technology","Accessories","Logitech MX Master 3S Wireless Mouse",798.09,4,0.1,162.58
569,"CA-2023-1284","2023-12-31","2024-01-05","Irene Maddox","Consumer","United States","Fort Worth","Texas","95710","Central","Technology","Phones","Apple iPhone 15 Pro Max 256GB",2466.75,6,0.2,331.82
699,"CA-2023-1349","2023-12-31","2024-01-06","Sonia Cooley","Consumer","United States","Richmond","Virginia","14230","South","Technology","Phones","Polycom SoundPoint Pro SE-225 Phone",7246.79,8,0.0,2520.0
1065,"CA-2024-1532","2024-01-04","2024-01-06","Dan Lawera","Home Office","United States","Greensboro","North Carolina","80694","South","Technology","Copiers","Sharp AL-1530CS Digital Copier",9580.56,8,0.0,3965.42
26,"CA-2024-1012","2024-01-08","2024-01-11","Lena Creighton","Consumer","United States","Fort Wayne","Indiana","62743","Central","Technology","Phones","Apple iPhone 15 Pro Max 256GB",2722.44,5,0.1,605.09
1023,"CA-2024-1511","2024-01-09","2024-01-11","Craig Carreira","Consumer","United States","Spokane","Washington","30876","West","Office Supplies","Fasteners","Staples Box Binder Clips",364.58,9,0.0,156.96
1137,"CA-2024-1568","2024-01-14","2024-01-16","Mick Brown","Consumer","United States","Rochester","New York","52788","East","Furniture","Furnishings","DAX Clear Document Frame",501.88,7,0.0,190.29
194,"CA-2024-1096","2024-01-15","2024-01-17","Odella Nelson","Home Office","United States","Henderson","Kentucky","28661","South","Office Supplies","Art","Prismacolor Premiere Colored Pencils 72-Set",531.64,9,0.0,193.5
254,"CA-2024-1126","2024-01-17","2024-01-21","Tamara Chand","Corporate","United States","Norfolk","Virginia","78515","South","Technology","Machines","Star Micronics TSP143III Receipt Printer",6764.86,5,0.0,1443.33
360,"CA-2024-1179","2024-01-17","2024-01-21","Steve Nguyen","Home Office","United States","Indianapolis","Indiana","71700","Central","Furniture","Bookcases","Riverside Palais Royal Lawyers Bookcase",1735.21,6,0.0,219.67
778,"CA-2024-1388","2024-01-17","2024-01-21","Patrick O'Donnell","Consumer","United States","Columbus","Georgia","42588","South","Technology","Phones","Polycom SoundPoint Pro SE-225 Phone",800.11,2,0.2,5.49
260,"CA-2024-1129","2024-01-18","2024-01-20","Patrick O'Donnell","Consumer","United States","Cambridge","Massachusetts","25036","East","Office Supplies","Storage","Adjustable Heavy-Duty Wire Shelving Unit",1684.85,9,0.0,450.46
991,"CA-2024-1495","2024-01-22","2024-01-24","Sonia Cooley","Consumer","United States","San Francisco","California","92781","West","Furniture","Tables","Chromcraft Bull-Nose Wood Oval Conference Tables",3814.73,9,0.45,-2403.41
1125,"CA-2024-1562","2024-01-23","2024-01-25","Matt Abelman","Home Office","United States","Charlotte","North Carolina","96702","South","Furniture","Furnishings","Eldon Expressions Wood Desk Accessories",569.96,9,0.1,130.32
812,"CA-2024-1405","2024-01-25","2024-01-29","Sanjit Chand","Consumer","United States","Chicago","Illinois","71384","Central","Furniture","Tables","Balt Solid Wood Workstation Training Table",3470.84,8,0.4,-1900.39
135,"CA-2024-1067","2024-01-27","2024-01-30","Denny Ward","Consumer","United States","Worcester","Massachusetts","69432","East","Office Supplies","Art","Prismacolor Premiere Colored Pencils 72-Set",80.01,8,0.0,30.57
98,"CA-2024-1048","2024-01-29","2024-02-04","Bill Stewart","Corporate","United States","Austin","Texas","24530","Central","Furniture","Bookcases","Sauder Heritage Hill 5-Shelf Bookcase",2265.43,7,0.0,455.27
345,"CA-2024-1172","2024-02-02","2024-02-05","Odella Nelson","Corporate","United States","Philadelphia","Pennsylvania","47851","East","Furniture","Bookcases","Atlantic Magazine Storage Shelf Rack",677.08,5,0.35,-135.49
987,"CA-2024-1493","2024-02-06","2024-02-08","Matt Abelman","Home Office","United States","Norfolk","Virginia","94783","South","Office Supplies","Paper","Southworth 25% Cotton Resume Paper",23.13,4,0.0,8.47
937,"CA-2024-1468","2024-02-07","2024-02-13","Andrew Allen","Consumer","United States","Albany","New York","39536","East","Technology","Phones","Polycom SoundPoint Pro SE-225 Phone",1141.96,3,0.1,270.28
429,"CA-2024-1214","2024-02-09","2024-02-14","Emily Phan","Consumer","United States","Lexington","Kentucky","25626","South","Furniture","Bookcases","Atlantic Magazine Storage Shelf Rack",477.46,2,0.0,89.74
364,"CA-2024-1181","2024-02-13","2024-02-17","Kelly Lampkin","Corporate","United States","Greensboro","North Carolina","67062","South","Furniture","Chairs","Global High Back Tilter Chair",961.59,7,0.3,-124.79
809,"CA-2024-1404","2024-02-17","2024-02-20","Eric Hoffmann","Consumer","United States","Atlanta","Georgia","16029","South","Furniture","Chairs","Herman Miller Aeron Ergonomic Office Chair",2755.18,6,0.3,46.48
314,"CA-2024-1156","2024-02-18","2024-02-22","Delfina Latchford","Consumer","United States","Eugene","Oregon","81137","West","Technology","Accessories","Dell UltraSharp 32-inch 4K Monitor",125.41,1,0.1,30.05
679,"CA-2024-1339","2024-02-18","2024-02-22","Carlos Soltero","Consumer","United States","Aurora","Illinois","56170","Central","Furniture","Chairs","Steelcase Gesture Ergonomic Office Chair",262.13,2,0.3,-28.9
846,"CA-2024-1422","2024-02-22","2024-02-28","Kelly Lampkin","Home Office","United States","Seattle","Washington","27436","West","Furniture","Furnishings","DAX Clear Document Frame",219.81,3,0.2,26.35
306,"CA-2024-1152","2024-02-23","2024-02-26","Ken Black","Corporate","United States","Nashville","Tennessee","99737","South","Office Supplies","Art","Fiskars Recycled Scissors",106.92,4,0.2,32.07
462,"CA-2024-1230","2024-02-28","2024-03-05","Eric Hoffmann","Consumer","United States","Mesa","Arizona","13402","West","Furniture","Furnishings","Eldon Expressions Wood Desk Accessories",348.57,4,0.1,85.92
154,"CA-2024-1076","2024-02-29","2024-03-03","Erin Smith","Consumer","United States","Newark","New Jersey","53480","East","Office Supplies","Paper","Southworth 25% Cotton Resume Paper",115.74,4,0.2,36.15
786,"CA-2024-1392","2024-03-02","2024-03-04","Justin Deggeller","Corporate","United States","Raleigh","North Carolina","84808","South","Technology","Accessories","Logitech MX Master 3S Wireless Mouse",111.7,2,0.0,31.58
972,"CA-2024-1485","2024-03-06","2024-03-08","Matt Abelman","Corporate","United States","Salt Lake City","Utah","58546","West","Office Supplies","Fasteners","OIC Steel Paper Clips",83.35,3,0.0,39.65
339,"CA-2024-1169","2024-03-07","2024-03-13","Tracy Blumstein","Consumer","United States","Salt Lake City","Utah","34114","West","Technology","Machines","Zebra GX430t Thermal Direct Desktop Printer",9470.63,9,0.2,240.48
365,"CA-2024-1182","2024-03-07","2024-03-13","Hunter Lopez","Consumer","United States","Tucson","Arizona","63188","West","Furniture","Furnishings","DAX Clear Document Frame",241.1,9,0.1,48.26
946,"CA-2024-1472","2024-03-08","2024-03-12","Brosina Hoffman","Consumer","United States","Richmond","Virginia","17143","South","Office Supplies","Fasteners","OIC Steel Paper Clips",69.42,6,0.0,21.95
502,"CA-2024-1250","2024-03-09","2024-03-11","Dan Lawera","Consumer","United States","Worcester","Massachusetts","10131","East","Furniture","Chairs","Novimex Swivel Mesh Task Chair",5760.63,7,0.0,1484.64
795,"CA-2024-1397","2024-03-09","2024-03-11","Justin Deggeller","Home Office","United States","Chicago","Illinois","72296","Central","Office Supplies","Appliances","Honeywell True HEPA Air Purifier HPA300",1718.29,5,0.2,87.16
48,"CA-2024-1023","2024-03-10","2024-03-16","Maria Etezadi","Consumer","United States","Worcester","Massachusetts","69048","East","Furniture","Chairs","Herman Miller Aeron Ergonomic Office Chair",1126.43,3,0.3,-157.84
595,"CA-2024-1297","2024-03-10","2024-03-14","Raymond Buch","Consumer","United States","Eugene","Oregon","55838","West","Furniture","Tables","Bretford CR4500 Series Slim Rectangular Table",2751.91,8,0.2,-394.25
790,"CA-2024-1394","2024-03-11","2024-03-13","Lena Creighton","Home Office","United States","Norfolk","Virginia","36186","South","Furniture","Chairs","Global High Back Tilter Chair",2755.8,6,0.3,-340.52
439,"CA-2024-1219","2024-03-14","2024-03-20","Harold Pawlan","Home Office","United States","Spokane","Washington","36444","West","Office Supplies","Envelopes","Brown Kraft Clasp Envelopes 9x12",104.8,3,0.1,29.42
866,"CA-2024-1432","2024-03-14","2024-03-18","Eric Hoffmann","Consumer","United States","Green Bay","Wisconsin","43216","Central","Furniture","Furnishings","Deflect-o Desk Pad",267.73,7,0.2,54.28
1102,"CA-2024-1550","2024-03-14","2024-03-16","Darrin Van Huff","Corporate","United States","Cincinnati","Ohio","35277","East","Office Supplies","Labels","Self-Adhesive Address Labels for Laser Printers",63.74,5,0.2,10.79
217,"CA-2024-1108","2024-03-15","2024-03-21","Ken Lonsdale","Corporate","United States","Albany","New York","36465","East","Furniture","Chairs","Herman Miller Aeron Ergonomic Office Chair",667.32,4,0.3,-57.9
806,"CA-2024-1402","2024-03-15","2024-03-19","Ken Black","Corporate","United States","Allentown","Pennsylvania","45308","East","Technology","Accessories","Dell UltraSharp 32-inch 4K Monitor",1770.83,9,0.2,327.66
88,"CA-2024-1043","2024-03-16","2024-03-20","Harry Marie","Corporate","United States","Albany","New York","67377","East","Furniture","Tables","Bevis Round Conference Table",774.46,2,0.3,-257.5
220,"CA-2024-1109","2024-03-17","2024-03-19","Sandra Flanagan","Consumer","United States","Cincinnati","Ohio","16460","East","Technology","Machines","Bady Automated Thermal Label Printer",8615.18,7,0.1,954.6
176,"CA-2024-1087","2024-03-18","2024-03-24","Ken Lonsdale","Corporate","United States","Newark","New Jersey","98635","East","Office Supplies","Paper","Xerox 205 Premium Multipurpose Paper",52.17,4,0.0,17.97
489,"CA-2024-1244","2024-03-18","2024-03-23","Odella Nelson","Corporate","United States","Cambridge","Massachusetts","86332","East","Office Supplies","Paper","Xerox 1980 High Performance Color Paper",328.05,9,0.2,41.43
46,"CA-2024-1022","2024-03-21","2024-03-26","Delfina Latchford","Consumer","United States","Orem","Utah","29887","West","Furniture","Bookcases","Atlantic Magazine Storage Shelf Rack",1007.43,8,0.0,203.33
374,"CA-2024-1186","2024-03-21","2024-03-26","Patrick O'Donnell","Consumer","United States","Detroit","Michigan","85085","Central","Furniture","Tables","Bevis Round Conference Table",850.47,5,0.3,-246.26
351,"CA-2024-1175","2024-03-23","2024-03-27","Alejandro Grove","Consumer","United States","Norfolk","Virginia","35369","South","Technology","Machines","Epson WorkForce Pro WF-C5790",3264.95,3,0.2,-61.59
849,"CA-2024-1424","2024-03-24","2024-03-29","Maria Etezadi","Home Office","United States","Grand Rapids","Michigan","52160","Central","Office Supplies","Appliances","Cuisinart Microwave Oven w/ Grill",1511.66,6,0.1,218.38
204,"CA-2024-1101","2024-03-25","2024-03-30","Patrick O'Donnell","Consumer","United States","Philadelphia","Pennsylvania","83873","East","Technology","Copiers","Canon imageRUNNER ADVANCE C5535i Copier",1596.7,1,0.2,404.67
113,"CA-2024-1056","2024-03-27","2024-03-30","Tom Prescott","Consumer","United States","Eugene","Oregon","69446","West","Technology","Copiers","Sharp AL-1530CS Digital Copier",8671.88,4,0.0,3926.18
1027,"CA-2024-1513","2024-03-27","2024-03-29","Sanjit Chand","Consumer","United States","Tampa","Florida","91841","South","Furniture","Chairs","Global High Back Tilter Chair",4248.15,9,0.0,975.85
355,"CA-2024-1177","2024-03-28","2024-04-01","Andrew Allen","Consumer","United States","Aurora","Illinois","51222","Central","Office Supplies","Envelopes","Tyvek Tear-Proof Expandable Envelopes",107.14,7,0.0,32.5
284,"CA-2024-1141","2024-03-29","2024-04-03","Maria Etezadi","Home Office","United States","Spokane","Washington","31068","West","Technology","Accessories","Logitech Wireless Gaming Headset G930",577.18,4,0.0,212.35
641,"CA-2024-1320","2024-03-30","2024-04-03","Zuschuss Carroll","Consumer","United States","Chicago","Illinois","44446","Central","Office Supplies","Paper","Xerox 1980 High Performance Color Paper",60.74,6,0.1,25.24
275,"CA-2024-1137","2024-03-31","2024-04-03","Valerie Mitchum","Home Office","United States","Lafayette","Indiana","73813","Central","Furniture","Tables","BPI Wood Laminate Conference Table 96x42",1347.5,4,0.4,-706.79
1099,"CA-2024-1549","2024-04-01","2024-04-07","Matt Abelman","Consumer","United States","Spokane","Washington","74087","West","Office Supplies","Labels","Avery 5160 Easy Peel Address Labels",16.97,3,0.2,1.88
28,"CA-2024-1013","2024-04-02","2024-04-06","Barry Pond","Corporate","United States","Cleveland","Ohio","22240","East","Technology","Accessories","SanDisk Ultra 128GB MicroSDXC UHS-I",172.83,2,0.1,47.93
530,"CA-2024-1264","2024-04-02","2024-04-04","Roy Skaria","Corporate","United States","Newark","New Jersey","70476","East","Furniture","Chairs","Global High Back Tilter Chair",1431.02,4,0.3,-20.37
25,"CA-2024-1012","2024-04-04","2024-04-08","Sean O'Donnell","Corporate","United States","Grand Rapids","Michigan","78146","Central","Technology","Phones","Google Pixel 8 Pro 256GB",1713.22,4,0.0,524.79
419,"CA-2024-1209","2024-04-05","2024-04-10","Gene Hale","Corporate","United States","Louisville","Kentucky","70429","South","Office Supplies","Envelopes","Self-Seal White Catalog Envelopes #10",69.78,5,0.0,20.35
1048,"CA-2024-1523","2024-04-08","2024-04-13","Justin Deggeller","Corporate","United States","Norfolk","Virginia","80158","South","Office Supplies","Storage","Iris Plastic Utility Storage Bins",542.34,8,0.0,142.45
122,"CA-2024-1060","2024-04-10","2024-04-16","Dan Lawera","Consumer","United States","Greensboro","North Carolina","29848","South","Furniture","Bookcases","O'Sullivan 2-Shelf Adjustable Bookcase",216.81,2,0.35,-57.59
1089,"CA-2024-1544","2024-04-16","2024-04-21","Zuschuss Donatelli","Consumer","United States","Jersey City","New Jersey","77543","East","Technology","Machines","HP DesignJet Large-Format Color Plotter",2686.02,7,0.2,-164.67
63,"CA-2024-1031","2024-04-18","2024-04-23","Hunter Lopez","Consumer","United States","San Antonio","Texas","12875","Central","Office Supplies","Art","Prismacolor Premiere Colored Pencils 72-Set",255.19,7,0.0,100.79
1164,"CA-2024-1581","2024-04-19","2024-04-21","Odella Nelson","Home Office","United States","Eugene","Oregon","58623","West","Technology","Machines","Epson WorkForce Pro WF-C5790",1231.3,5,0.4,-509.03
693,"CA-2024-1346","2024-04-20","2024-04-24","Arthur Prichep","Consumer","United States","Miami","Florida","52422","South","Furniture","Chairs","Herman Miller Aeron Ergonomic Office Chair",861.96,2,0.3,-61.66
766,"CA-2024-1382","2024-04-20","2024-04-24","Hunter Lopez","Corporate","United States","Spokane","Washington","71189","West","Office Supplies","Appliances","Honeywell True HEPA Air Purifier HPA300",268.62,2,0.1,49.71
1121,"CA-2024-1560","2024-04-22","2024-04-28","Carlos Soltero","Consumer","United States","Norfolk","Virginia","64339","South","Office Supplies","Binders","Avery Non-Stick Heavy Duty Ring Binders",239.53,4,0.0,80.91
828,"CA-2024-1413","2024-04-24","2024-04-30","Steve Nguyen","Home Office","United States","Cambridge","Massachusetts","35938","East","Office Supplies","Paper","Southworth 25% Cotton Resume Paper",46.14,1,0.0,20.3
971,"CA-2024-1485","2024-04-26","2024-04-30","Harold Pawlan","Home Office","United States","Philadelphia","Pennsylvania","64957","East","Office Supplies","Paper","Xerox 1967",265.85,9,0.1,77.55
196,"CA-2024-1097","2024-04-27","2024-05-02","Zuschuss Carroll","Consumer","United States","Cambridge","Massachusetts","27840","East","Office Supplies","Fasteners","Swingline Heavy-Duty Desk Stapler",179.41,6,0.0,58.62
897,"CA-2024-1448","2024-04-29","2024-05-02","Harold Pawlan","Corporate","United States","Cambridge","Massachusetts","39850","East","Furniture","Bookcases","Atlantic Magazine Storage Shelf Rack",870.3,7,0.2,30.32
330,"CA-2024-1164","2024-05-01","2024-05-05","Ken Black","Corporate","United States","Richmond","Virginia","24728","South","Office Supplies","Labels","Avery 5160 Easy Peel Address Labels",170.78,4,0.0,53.15
589,"CA-2024-1294","2024-05-02","2024-05-07","Roy Skaria","Corporate","United States","Naperville","Illinois","16929","Central","Technology","Accessories","SanDisk Ultra 128GB MicroSDXC UHS-I",177.32,3,0.1,46.33
516,"CA-2024-1257","2024-05-03","2024-05-09","Craig Carreira","Consumer","United States","Cleveland","Ohio","17928","East","Office Supplies","Fasteners","OIC Steel Paper Clips",121.81,8,0.0,37.46
1188,"CA-2024-1593","2024-05-03","2024-05-07","Tamara Chand","Corporate","United States","Chicago","Illinois","49854","Central","Technology","Phones","Mitel 5320 IP Phone",937.8,1,0.0,228.05
156,"CA-2024-1077","2024-05-04","2024-05-08","Darrin Van Huff","Corporate","United States","Nashville","Tennessee","21232","South","Office Supplies","Envelopes","Redi-Seal Security Tint Envelopes",95.86,7,0.1,31.65
1161,"CA-2024-1580","2024-05-07","2024-05-13","Ken Lonsdale","Corporate","United States","Miami","Florida","18088","South","Technology","Phones","Samsung Galaxy S23 Ultra 512GB",1839.13,4,0.1,448.6
974,"CA-2024-1486","2024-05-09","2024-05-14","Irene Maddox","Consumer","United States","Tacoma","Washington","14284","West","Office Supplies","Supplies","Fiskars Commercial Grade Rotary Trimmer",178.65,3,0.0,50.09
547,"CA-2024-1273","2024-05-11","2024-05-13","Tamara Chand","Corporate","United States","Boston","Massachusetts","97342","East","Technology","Copiers","Sharp AL-1530CS Digital Copier",4093.44,3,0.0,1822.82
56,"CA-2024-1027","2024-05-12","2024-05-15","Andrew Allen","Consumer","United States","Savannah","Georgia","29476","South","Office Supplies","Labels","Avery File Folder Labels",229.78,5,0.1,75.57
519,"CA-2024-1259","2024-05-13","2024-05-19","Denny Ward","Consumer","United States","Madison","Wisconsin","40182","Central","Furniture","Bookcases","Atlantic Magazine Storage Shelf Rack",232.54,1,0.15,24.51
621,"CA-2024-1310","2024-05-17","2024-05-21","Alejandro Grove","Consumer","United States","Jersey City","New Jersey","60413","East","Technology","Machines","Star Micronics TSP143III Receipt Printer",7218.09,9,0.1,1046.08
818,"CA-2024-1408","2024-05-17","2024-05-19","Tom Prescott","Corporate","United States","Orem","Utah","38473","West","Furniture","Chairs","Herman Miller Aeron Ergonomic Office Chair",1189.36,5,0.1,289.07
209,"CA-2024-1104","2024-05-18","2024-05-24","Tracy Blumstein","Consumer","United States","Portland","Oregon","97821","West","Office Supplies","Art","Prismacolor Premiere Colored Pencils 72-Set",354.19,6,0.0,111.07
884,"CA-2024-1441","2024-05-19","2024-05-24","Darrin Van Huff","Corporate","United States","Raleigh","North Carolina","74174","South","Office Supplies","Binders","Acco Flexible Heavy-Duty Prong Fasteners",589.94,5,0.0,254.18
826,"CA-2024-1412","2024-05-20","2024-05-22","Ruben Dartt","Consumer","United States","Austin","Texas","35727","Central","Technology","Copiers","Canon imageCLASS MF743Cdw All-in-One",2579.59,2,0.2,845.81
537,"CA-2024-1268","2024-05-23","2024-05-29","Odella Nelson","Corporate","United States","Memphis","Tennessee","55453","South","Technology","Phones","Apple iPhone 15 Pro Max 256GB",722.46,2,0.2,119.34
736,"CA-2024-1367","2024-05-23","2024-05-25","Valerie Mitchum","Home Office","United States","Warren","Michigan","80215","Central","Furniture","Bookcases","O'Sullivan 2-Shelf Adjustable Bookcase",770.9,4,0.15,-3.81
891,"CA-2024-1445","2024-05-24","2024-05-29","Linda Cazamias","Corporate","United States","Portland","Oregon","26254","West","Technology","Phones","Mitel 5320 IP Phone",2795.8,3,0.0,669.56
38,"CA-2024-1018","2024-05-25","2024-05-27","Tom Prescott","Consumer","United States","Naperville","Illinois","87607","Central","Furniture","Tables","Boxer Modern Wood End Table 2-Pack",2674.89,7,0.2,-262.46
1100,"CA-2024-1549","2024-05-27","2024-06-01","Bill Stewart","Corporate","United States","Savannah","Georgia","61687","South","Furniture","Tables","Bevis Round Conference Table",2025.7,9,0.5,-1727.19
1199,"CA-2024-1599","2024-05-30","2024-06-02","Andrew Allen","Consumer","United States","Mesa","Arizona","67216","West","Office Supplies","Labels","Avery File Folder Labels",46.17,2,0.2,13.54
959,"CA-2024-1479","2024-06-01","2024-06-07","Craig Carreira","Consumer","United States","Newark","New Jersey","18791","East","Technology","Phones","Apple iPhone 15 Pro Max 256GB",1453.84,4,0.0,422.92
1080,"CA-2024-1539","2024-06-03","2024-06-08","Tom Prescott","Consumer","United States","Houston","Texas","19766","Central","Furniture","Tables","Bevis Round Conference Table",814.43,2,0.5,-587.38
835,"CA-2024-1417","2024-06-09","2024-06-11","Brosina Hoffman","Consumer","United States","Pittsburgh","Pennsylvania","42580","East","Furniture","Chairs","Global High Back Tilter Chair",1626.1,3,0.1,243.45
1000,"CA-2024-1499","2024-06-09","2024-06-12","Bill Stewart","Corporate","United States","Paterson","New Jersey","43423","East","Office Supplies","Storage","Safco Executive Mobile File Cart",739.45,4,0.2,98.67
930,"CA-2024-1464","2024-06-10","2024-06-12","Ken Lonsdale","Home Office","United States","Tucson","Arizona","43187","West","Furniture","Chairs","Global High Back Tilter Chair",3189.96,5,0.0,747.55
286,"CA-2024-1142","2024-06-11","2024-06-15","Tamara Chand","Corporate","United States","Tacoma","Washington","47487","West","Office Supplies","Supplies","Fiskars Commercial Grade Rotary Trimmer",165.7,4,0.2,55.13
939,"CA-2024-1469","2024-06-13","2024-06-19","Anthony Jacobs","Corporate","United States","Allentown","Pennsylvania","83621","East","Technology","Copiers","Sharp AL-1530CS Digital Copier",3071.32,2,0.0,1089.2
983,"CA-2024-1491","2024-06-13","2024-06-15","Harold Pawlan","Home Office","United States","Philadelphia","Pennsylvania","90276","East","Office Supplies","Envelopes","Brown Kraft Clasp Envelopes 9x12",190.71,9,0.2,44.28
1073,"CA-2024-1536","2024-06-14","2024-06-19","Tom Prescott","Home Office","United States","Eugene","Oregon","76296","West","Technology","Machines","Epson WorkForce Pro WF-C5790",2591.46,9,0.4,-675.74
329,"CA-2024-1164","2024-06-15","2024-06-21","Matt Abelman","Home Office","United States","Madison","Wisconsin","55157","Central","Technology","Phones","Mitel 5320 IP Phone",3442.81,7,0.1,582.39
1196,"CA-2024-1597","2024-06-16","2024-06-20","Ken Lonsdale","Corporate","United States","Savannah","Georgia","50853","South","Technology","Machines","HP DesignJet Large-Format Color Plotter",729.49,3,0.4,-195.73
413,"CA-2024-1206","2024-06-18","2024-06-23","Patrick O'Donnell","Consumer","United States","Cincinnati","Ohio","98022","East","Furniture","Tables","Chromcraft Bull-Nose Wood Oval Conference Tables",103.41,1,0.6,-120.22
157,"CA-2024-1078","2024-06-20","2024-06-23","Tamara Chand","Corporate","United States","Paterson","New Jersey","50405","East","Technology","Accessories","SanDisk Ultra 128GB MicroSDXC UHS-I",721.6,7,0.0,191.93
1166,"CA-2024-1582","2024-06-20","2024-06-26","Sonia Cooley","Home Office","United States","Jersey City","New Jersey","30880","East","Technology","Accessories","Dell UltraSharp 32-inch 4K Monitor",470.0,9,0.2,76.46
903,"CA-2024-1451","2024-06-25","2024-06-28","Craig Carreira","Consumer","United States","Madison","Wisconsin","48747","Central","Technology","Accessories","SanDisk Ultra 128GB MicroSDXC UHS-I",963.64,4,0.0,327.29
1152,"CA-2024-1575","2024-06-25","2024-06-27","Delfina Latchford","Consumer","United States","Charlotte","North Carolina","80634","South","Technology","Copiers","Hewlett Packard LaserJet Multifunction Copier",6966.56,8,0.2,1556.54
433,"CA-2024-1216","2024-06-27","2024-06-29","Zuschuss Carroll","Consumer","United States","Nashville","Tennessee","81646","South","Office Supplies","Supplies","Helix Stainless Steel Ruler",139.62,9,0.2,25.96
687,"CA-2024-1343","2024-07-01","2024-07-03","Andrew Allen","Home Office","United States","Phoenix","Arizona","17294","West","Furniture","Chairs","Hon Deluxe Fabric Upholstered Stacking Chairs",936.65,8,0.3,-65.82
877,"CA-2024-1438","2024-07-01","2024-07-04","Eric Hoffmann","Consumer","United States","Paterson","New Jersey","45824","East","Office Supplies","Paper","Xerox 1980 High Performance Color Paper",43.17,1,0.0,15.42
1029,"CA-2024-1514","2024-07-05","2024-07-08","Sanjit Chand","Consumer","United States","Greensboro","North Carolina","30297","South","Furniture","Furnishings","Seth Thomas Executive Wall Clock",762.97,9,0.0,207.49
60,"CA-2024-1029","2024-07-07","2024-07-12","Kelly Lampkin","Consumer","United States","Boston","Massachusetts","68153","East","Technology","Phones","Google Pixel 8 Pro 256GB",1564.52,2,0.0,478.09
837,"CA-2024-1418","2024-07-11","2024-07-14","Zuschuss Carroll","Consumer","United States","Mesa","Arizona","45665","West","Technology","Machines","Zebra GX430t Thermal Direct Desktop Printer",2170.04,2,0.2,171.27
263,"CA-2024-1131","2024-07-13","2024-07-18","Harold Pawlan","Home Office","United States","Louisville","Kentucky","17113","South","Technology","Accessories","Logitech Wireless Gaming Headset G930",1513.01,8,0.0,386.85
723,"CA-2024-1361","2024-07-15","2024-07-20","Linda Cazamias","Corporate","United States","Allentown","Pennsylvania","59725","East","Technology","Phones","Apple iPhone 14 128GB Midnight",532.39,1,0.2,36.92
729,"CA-2024-1364","2024-07-15","2024-07-17","Tamara Chand","Corporate","United States","Portland","Oregon","93164","West","Technology","Copiers","Hewlett Packard LaserJet Multifunction Copier",17315.3,9,0.0,8339.67
1182,"CA-2024-1590","2024-07-15","2024-07-19","Mick Brown","Consumer","United States","Orem","Utah","91248","West","Furniture","Furnishings","Deflect-o Desk Pad",361.88,5,0.2,32.04
300,"CA-2024-1149","2024-07-16","2024-07-21","Andrew Allen","Corporate","United States","Cambridge","Massachusetts","86928","East","Technology","Copiers","Canon imageRUNNER ADVANCE C5535i Copier",8827.85,7,0.0,3678.87
757,"CA-2024-1378","2024-07-18","2024-07-21","Roy Skaria","Corporate","United States","San Diego","California","25653","West","Furniture","Chairs","Harbour Creations Executive Chair",1595.24,3,0.3,-231.47
803,"CA-2024-1401","2024-07-24","2024-07-29","Claire Gute","Consumer","United States","Virginia Beach","Virginia","44629","South","Office Supplies","Paper","Hammermill Premium Laser Print Paper",284.22,9,0.0,95.71
591,"CA-2024-1295","2024-07-25","2024-07-29","Anthony Jacobs","Corporate","United States","Los Angeles","California","82634","West","Technology","Accessories","Logitech Wireless Gaming Headset G930",428.47,3,0.1,77.45
1028,"CA-2024-1513","2024-07-27","2024-08-02","Sandra Flanagan","Consumer","United States","Chicago","Illinois","44289","Central","Office Supplies","Storage","Iris Plastic Utility Storage Bins",631.93,2,0.0,195.79
1067,"CA-2024-1533","2024-07-27","2024-07-29","Barry Pond","Corporate","United States","Eugene","Oregon","59298","West","Furniture","Furnishings","Nu-Dell Wood Desk Tray",318.03,3,0.0,64.49
210,"CA-2024-1104","2024-08-01","2024-08-05","Delfina Latchford","Consumer","United States","Rochester","New York","64266","East","Office Supplies","Art","Newell 322",26.23,1,0.0,11.19
534,"CA-2024-1266","2024-08-01","2024-08-03","Ken Black","Home Office","United States","Albany","New York","40544","East","Furniture","Chairs","Herman Miller Aeron Ergonomic Office Chair",1418.3,2,0.1,211.21
590,"CA-2024-1294","2024-08-02","2024-08-05","Ken Lonsdale","Corporate","United States","Raleigh","North Carolina","50001","South","Office Supplies","Supplies","Stabila 24-Inch Magnetic Level",286.97,5,0.0,110.23
304,"CA-2024-1151","2024-08-03","2024-08-07","Patrick O'Donnell","Consumer","United States","Albany","New York","55073","East","Office Supplies","Appliances","Fellowes Powershred 99Ci Paper Shredder",619.27,5,0.1,83.51
168,"CA-2024-1083","2024-08-04","2024-08-09","Darrin Van Huff","Corporate","United States","Paterson","New Jersey","85674","East","Office Supplies","Fasteners","Staples Box Binder Clips",65.27,4,0.0,28.09
228,"CA-2024-1113","2024-08-04","2024-08-08","Gene Hale","Corporate","United States","Dallas","Texas","95904","Central","Technology","Accessories","Logitech Wireless Gaming Headset G930",1239.1,7,0.0,436.3
418,"CA-2024-1208","2024-08-04","2024-08-09","Pete Kriz","Consumer","United States","Milwaukee","Wisconsin","57416","Central","Office Supplies","Binders","Avery Non-Stick Heavy Duty Ring Binders",56.19,2,0.7,-65.81
925,"CA-2024-1462","2024-08-04","2024-08-07","Hunter Lopez","Consumer","United States","New York City","New York","81036","East","Office Supplies","Paper","Xerox 1967",91.5,5,0.0,33.05
95,"CA-2024-1047","2024-08-06","2024-08-10","Sanjit Chand","Consumer","United States","Salt Lake City","Utah","69130","West","Furniture","Tables","BPI Wood Laminate Conference Table 96x42",1909.81,9,0.3,-562.72
570,"CA-2024-1284","2024-08-08","2024-08-13","Tracy Blumstein","Consumer","United States","Salt Lake City","Utah","26700","West","Furniture","Bookcases","Riverside Palais Royal Lawyers Bookcase",1153.97,4,0.2,-93.63
762,"CA-2024-1380","2024-08-08","2024-08-11","Maria Etezadi","Home Office","United States","Boston","Massachusetts","34673","East","Office Supplies","Storage","Adjustable Heavy-Duty Wire Shelving Unit",417.66,5,0.0,99.35
905,"CA-2024-1452","2024-08-11","2024-08-13","Lena Creighton","Consumer","United States","Paterson","New Jersey","69761","East","Office Supplies","Envelopes","Tyvek Tear-Proof Expandable Envelopes",373.72,8,0.0,112.69
1157,"CA-2024-1578","2024-08-11","2024-08-14","Kelly Lampkin","Corporate","United States","Lafayette","Indiana","85861","Central","Office Supplies","Fasteners","Advantus Push Pins Plastic Head",19.65,1,0.1,8.23
1045,"CA-2024-1522","2024-08-12","2024-08-18","Eric Hoffmann","Consumer","United States","Warren","Michigan","35437","Central","Furniture","Bookcases","Sauder Heritage Hill 5-Shelf Bookcase",1344.61,5,0.35,-474.45
200,"CA-2024-1099","2024-08-15","2024-08-18","Irene Maddox","Consumer","United States","Chicago","Illinois","60165","Central","Office Supplies","Labels","Avery 5160 Easy Peel Address Labels",351.35,7,0.0,126.14
506,"CA-2024-1252","2024-08-16","2024-08-22","Roy Skaria","Consumer","United States","Paterson","New Jersey","80601","East","Technology","Machines","Epson WorkForce Pro WF-C5790",3576.41,9,0.0,1006.79
660,"CA-2024-1329","2024-08-16","2024-08-21","Erin Smith","Corporate","United States","Philadelphia","Pennsylvania","88830","East","Office Supplies","Supplies","Fiskars Commercial Grade Rotary Trimmer",140.84,5,0.0,42.93
1001,"CA-2024-1500","2024-08-20","2024-08-22","Pete Kriz","Consumer","United States","Worcester","Massachusetts","40258","East","Furniture","Chairs","Harbour Creations Executive Chair",1654.04,2,0.0,355.33
281,"CA-2024-1140","2024-08-22","2024-08-27","Lena Creighton","Consumer","United States","Raleigh","North Carolina","20986","South","Office Supplies","Appliances","Hamilton Beach Commercial Toaster",427.38,2,0.1,72.7
579,"CA-2024-1289","2024-08-24","2024-08-29","Lena Creighton","Consumer","United States","San Jose","California","60326","West","Technology","Accessories","Logitech Wireless Gaming Headset G930",750.81,8,0.0,271.65
605,"CA-2024-1302","2024-08-24","2024-08-30","Valerie Mitchum","Consumer","United States","Columbus","Ohio","49515","East","Furniture","Chairs","Herman Miller Aeron Ergonomic Office Chair",5106.24,8,0.2,-60.75
822,"CA-2024-1410","2024-08-25","2024-08-30","Roy Skaria","Corporate","United States","Chicago","Illinois","15110","Central","Furniture","Chairs","Novimex Swivel Mesh Task Chair",167.69,1,0.3,-23.53
478,"CA-2024-1238","2024-08-29","2024-09-03","Ken Black","Corporate","United States","Naperville","Illinois","74713","Central","Office Supplies","Paper","Xerox 205 Premium Multipurpose Paper",48.95,4,0.1,15.14
1151,"CA-2024-1575","2024-08-29","2024-09-03","Odella Nelson","Corporate","United States","New York City","New York","99413","East","Furniture","Chairs","Herman Miller Aeron Ergonomic Office Chair",1959.03,8,0.3,-125.33
128,"CA-2024-1063","2024-08-30","2024-09-04","Roy Skaria","Corporate","United States","Grand Rapids","Michigan","32946","Central","Technology","Phones","Mitel 5320 IP Phone",2498.43,4,0.0,770.69
1096,"CA-2024-1547","2024-08-30","2024-09-02","Craig Carreira","Consumer","United States","Worcester","Massachusetts","38687","East","Office Supplies","Storage","Tennsco Deluxe Steel Storage Cabinet 78H",306.6,2,0.2,29.65
19,"CA-2024-1009","2024-09-01","2024-09-07","Ruben Dartt","Consumer","United States","Spokane","Washington","36685","West","Furniture","Bookcases","O'Sullivan 2-Shelf Adjustable Bookcase",468.77,3,0.2,-0.81
1190,"CA-2024-1594","2024-09-01","2024-09-07","Sonia Cooley","Consumer","United States","Detroit","Michigan","63419","Central","Office Supplies","Appliances","Cuisinart Microwave Oven w/ Grill",213.7,1,0.0,48.98
380,"CA-2024-1189","2024-09-02","2024-09-07","Tom Prescott","Consumer","United States","Columbus","Ohio","11567","East","Technology","Copiers","Hewlett Packard LaserJet Multifunction Copier",10385.65,6,0.0,4683.1
1187,"CA-2024-1593","2024-09-02","2024-09-08","Gene Hale","Corporate","United States","Aurora","Illinois","70777","Central","Office Supplies","Labels","Dot Matrix Heavy Duty Labels",94.15,2,0.0,39.62
6,"CA-2024-1002","2024-09-04","2024-09-09","Zuschuss Donatelli","Consumer","United States","Cincinnati","Ohio","74686","East","Office Supplies","Fasteners","OIC Steel Paper Clips",81.9,6,0.2,28.61
319,"CA-2024-1159","2024-09-04","2024-09-06","Barry Pond","Corporate","United States","Provo","Utah","19225","West","Technology","Machines","HP DesignJet Large-Format Color Plotter",1288.37,1,0.0,244.62
78,"CA-2024-1038","2024-09-06","2024-09-08","Patrick O'Donnell","Consumer","United States","Aurora","Illinois","89822","Central","Technology","Accessories","Logitech MX Master 3S Wireless Mouse",2200.75,9,0.0,820.36
460,"CA-2024-1229","2024-09-08","2024-09-13","Brosina Hoffman","Consumer","United States","Philadelphia","Pennsylvania","15346","East","Office Supplies","Storage","Adjustable Heavy-Duty Wire Shelving Unit",1121.88,8,0.2,167.48
79,"CA-2024-1039","2024-09-09","2024-09-13","Darrin Van Huff","Home Office","United States","Grand Rapids","Michigan","22026","Central","Furniture","Chairs","Herman Miller Aeron Ergonomic Office Chair",1390.97,7,0.0,394.67
64,"CA-2024-1031","2024-09-10","2024-09-12","Denny Ward","Consumer","United States","Mesa","Arizona","98835","West","Office Supplies","Storage","Adjustable Heavy-Duty Wire Shelving Unit",582.61,6,0.1,79.5
65,"CA-2024-1032","2024-09-12","2024-09-15","Dan Lawera","Home Office","United States","Orem","Utah","64460","West","Furniture","Tables","Bevis Round Conference Table",315.71,3,0.6,-410.81
810,"CA-2024-1404","2024-09-12","2024-09-17","Matt Abelman","Home Office","United States","Miami","Florida","71845","South","Furniture","Tables","Balt Solid Wood Workstation Training Table",3302.02,9,0.2,-237.91
140,"CA-2024-1069","2024-09-14","2024-09-16","Matt Abelman","Home Office","United States","Phoenix","Arizona","17398","West","Office Supplies","Labels","Avery 5160 Easy Peel Address Labels",27.12,1,0.0,8.86
680,"CA-2024-1339","2024-09-14","2024-09-16","Gene Hale","Corporate","United States","Rochester","New York","42601","East","Furniture","Chairs","Global High Back Tilter Chair",565.7,2,0.2,-10.96
245,"CA-2024-1122","2024-09-17","2024-09-22","Patrick O'Donnell","Consumer","United States","Greensboro","North Carolina","31679","South","Technology","Phones","Mitel 5320 IP Phone",1449.35,3,0.2,127.53
293,"CA-2024-1146","2024-09-20","2024-09-22","Justin Deggeller","Corporate","United States","Eugene","Oregon","46735","West","Technology","Copiers","Sharp AL-1530CS Digital Copier",6537.48,5,0.2,2432.43
303,"CA-2024-1151","2024-09-20","2024-09-24","Roy Skaria","Corporate","United States","Fort Wayne","Indiana","78610","Central","Furniture","Chairs","Novimex Swivel Mesh Task Chair",3313.71,8,0.3,-146.66
496,"CA-2024-1247","2024-09-22","2024-09-27","Tracy Blumstein","Consumer","United States","Indianapolis","Indiana","83537","Central","Technology","Machines","HP DesignJet Large-Format Color Plotter",2142.63,2,0.2,150.2
839,"CA-2024-1419","2024-09-23","2024-09-28","Anthony Jacobs","Consumer","United States","Grand Rapids","Michigan","73641","Central","Technology","Copiers","Sharp AL-1530CS Digital Copier",12356.24,5,0.0,4478.69
208,"CA-2024-1103","2024-09-25","2024-09-28","Valerie Mitchum","Home Office","United States","Dallas","Texas","33865","Central","Technology","Phones","Apple iPhone 15 Pro Max 256GB",5918.71,7,0.0,1868.09
1184,"CA-2024-1591","2024-09-26","2024-09-28","Tracy Blumstein","Consumer","United States","Eugene","Oregon","99388","West","Furniture","Bookcases","Sauder Heritage Hill 5-Shelf Bookcase",1489.43,6,0.35,-317.27
82,"CA-2024-1040","2024-09-28","2024-10-01","Mick Brown","Consumer","United States","San Francisco","California","66446","West","Office Supplies","Binders","GBC VeloBind System Two Electric Punch Bind",161.67,5,0.2,14.95
35,"CA-2024-1017","2024-10-01","2024-10-06","Sanjit Engle","Corporate","United States","Cincinnati","Ohio","33819","East","Furniture","Furnishings","Nu-Dell Wood Desk Tray",22.72,1,0.2,2.19
261,"CA-2024-1130","2024-10-01","2024-10-04","Raymond Buch","Consumer","United States","Rochester","New York","59146","East","Office Supplies","Art","Fiskars Recycled Scissors",138.85,5,0.2,23.7
240,"CA-2024-1119","2024-10-02","2024-10-04","Tom Prescott","Consumer","United States","Provo","Utah","15170","West","Furniture","Furnishings","DAX Clear Document Frame",332.14,5,0.0,72.4
23,"CA-2024-1011","2024-10-03","2024-10-06","Steve Nguyen","Home Office","United States","Portland","Oregon","39219","West","Office Supplies","Binders","GBC VeloBind System Two Electric Punch Bind",377.29,8,0.0,156.24
91,"CA-2024-1045","2024-10-04","2024-10-10","Irene Maddox","Consumer","United States","Virginia Beach","Virginia","35166","South","Furniture","Tables","Balt Solid Wood Workstation Training Table",1428.6,3,0.45,-950.22
471,"CA-2024-1235","2024-10-04","2024-10-08","Odella Nelson","Corporate","United States","Philadelphia","Pennsylvania","25293","East","Furniture","Tables","Bevis Round Conference Table",554.03,2,0.45,-401.12
192,"CA-2024-1095","2024-10-10","2024-10-13","Tracy Blumstein","Consumer","United States","Portland","Oregon","36302","West","Office Supplies","Storage","Safco Executive Mobile File Cart",360.61,6,0.1,62.03
894,"CA-2024-1446","2024-10-12","2024-10-17","Claire Gute","Consumer","United States","Provo","Utah","72973","West","Office Supplies","Art","Sanford Liquid Accent Highlighters",224.97,5,0.0,77.35
404,"CA-2024-1201","2024-10-13","2024-10-15","Pete Kriz","Consumer","United States","Richmond","Virginia","28141","South","Office Supplies","Appliances","Cuisinart Microwave Oven w/ Grill",2760.51,9,0.1,591.67
686,"CA-2024-1342","2024-10-13","2024-10-15","Hunter Lopez","Consumer","United States","Cincinnati","Ohio","73564","East","Office Supplies","Paper","Xerox 205 Premium Multipurpose Paper",64.65,3,0.0,22.12
817,"CA-2024-1408","2024-10-13","2024-10-19","Barry Pond","Corporate","United States","Cleveland","Ohio","79916","East","Technology","Accessories","Keychron Q1 Pro Custom Mechanical Keyboard",237.96,3,0.0,65.97
389,"CA-2024-1194","2024-10-20","2024-10-26","Zuschuss Donatelli","Consumer","United States","New York City","New York","41808","East","Technology","Accessories","Logitech MX Master 3S Wireless Mouse",136.31,1,0.0,52.85
681,"CA-2024-1340","2024-10-21","2024-10-26","Mick Brown","Consumer","United States","Orem","Utah","28242","West","Technology","Copiers","Hewlett Packard LaserJet Multifunction Copier",10943.35,7,0.2,2713.57
878,"CA-2024-1438","2024-10-25","2024-10-28","Raymond Buch","Consumer","United States","Pittsburgh","Pennsylvania","90258","East","Office Supplies","Supplies","Acme Forged Carbon Steel Scissors",112.67,3,0.2,24.98
311,"CA-2024-1155","2024-10-27","2024-10-31","Ken Black","Corporate","United States","Mesa","Arizona","38545","West","Furniture","Tables","BPI Wood Laminate Conference Table 96x42",678.21,5,0.6,-782.06
386,"CA-2024-1192","2024-10-28","2024-10-30","Dan Lawera","Consumer","United States","Provo","Utah","60353","West","Office Supplies","Art","Fiskars Recycled Scissors",203.14,5,0.0,64.05
852,"CA-2024-1425","2024-10-28","2024-11-01","Denny Ward","Consumer","United States","Tucson","Arizona","53323","West","Office Supplies","Paper","Xerox 1980 High Performance Color Paper",165.6,4,0.0,56.63
970,"CA-2024-1484","2024-10-29","2024-11-04","Tom Prescott","Consumer","United States","Albany","New York","16722","East","Office Supplies","Storage","Safco Executive Mobile File Cart",958.87,9,0.2,139.91
201,"CA-2024-1100","2024-10-31","2024-11-04","Eric Hoffmann","Consumer","United States","Grand Rapids","Michigan","17992","Central","Furniture","Bookcases","O'Sullivan 2-Shelf Adjustable Bookcase",849.02,4,0.35,-215.71
682,"CA-2024-1340","2024-10-31","2024-11-04","Alejandro Grove","Consumer","United States","Cambridge","Massachusetts","22588","East","Furniture","Tables","Boxer Modern Wood End Table 2-Pack",2561.16,8,0.45,-1687.58
924,"CA-2024-1461","2024-11-01","2024-11-05","Carlos Soltero","Home Office","United States","Fort Wayne","Indiana","39597","Central","Technology","Machines","Zebra GX430t Thermal Direct Desktop Printer",7198.75,6,0.0,1822.51
773,"CA-2024-1386","2024-11-02","2024-11-05","Ruben Dartt","Consumer","United States","Green Bay","Wisconsin","14564","Central","Furniture","Furnishings","Seth Thomas Executive Wall Clock",204.44,5,0.2,31.06
1141,"CA-2024-1570","2024-11-02","2024-11-04","Harry Marie","Corporate","United States","Austin","Texas","99444","Central","Technology","Copiers","Hewlett Packard LaserJet Multifunction Copier",1168.78,1,0.1,397.97
361,"CA-2024-1180","2024-11-03","2024-11-08","Mick Brown","Home Office","United States","Virginia Beach","Virginia","84421","South","Office Supplies","Appliances","Cuisinart Microwave Oven w/ Grill",687.09,9,0.3,39.23
302,"CA-2024-1150","2024-11-04","2024-11-08","Sonia Cooley","Home Office","United States","Atlanta","Georgia","14607","South","Furniture","Tables","BPI Wood Laminate Conference Table 96x42",700.55,3,0.2,-57.92
318,"CA-2024-1158","2024-11-04","2024-11-06","Denny Ward","Consumer","United States","Lexington","Kentucky","37359","South","Technology","Copiers","Canon ImageCLASS 2200 Advanced Copier",7051.37,6,0.0,3227.25
1021,"CA-2024-1510","2024-11-05","2024-11-08","Hunter Lopez","Consumer","United States","Cleveland","Ohio","99304","East","Furniture","Furnishings","Nu-Dell Wood Desk Tray",187.55,2,0.0,48.38
468,"CA-2024-1233","2024-11-06","2024-11-11","Bill Stewart","Corporate","United States","Orem","Utah","42591","West","Office Supplies","Art","Fiskars Recycled Scissors",65.87,5,0.0,20.13
775,"CA-2024-1387","2024-11-06","2024-11-11","Raymond Buch","Consumer","United States","Nashville","Tennessee","75806","South","Office Supplies","Fasteners","Swingline Heavy-Duty Desk Stapler",68.76,2,0.1,26.01
825,"CA-2024-1412","2024-11-06","2024-11-08","Claire Gute","Consumer","United States","Albany","New York","27616","East","Furniture","Bookcases","Atlantic Magazine Storage Shelf Rack",2309.73,8,0.35,-421.8
357,"CA-2024-1178","2024-11-07","2024-11-11","Roy Skaria","Corporate","United States","Detroit","Michigan","10538","Central","Furniture","Chairs","Herman Miller Aeron Ergonomic Office Chair",471.56,1,0.0,132.0
444,"CA-2024-1221","2024-11-07","2024-11-12","Matt Abelman","Consumer","United States","Spokane","Washington","45744","West","Office Supplies","Supplies","Helix Stainless Steel Ruler",284.06,7,0.0,81.64
20,"CA-2024-1009","2024-11-08","2024-11-12","Chuck Clark","Home Office","United States","San Jose","California","31178","West","Office Supplies","Labels","Self-Adhesive Address Labels for Laser Printers",284.47,6,0.0,115.9
400,"CA-2024-1199","2024-11-08","2024-11-12","Pauline Chand","Consumer","United States","Columbus","Ohio","79615","East","Office Supplies","Labels","Self-Adhesive Address Labels for Laser Printers",326.46,8,0.1,101.87
619,"CA-2024-1309","2024-11-08","2024-11-12","Patrick O'Donnell","Consumer","United States","Green Bay","Wisconsin","51976","Central","Office Supplies","Storage","Fellowes Bankers Box Stor/Drawer Steel Plus",307.13,1,0.0,97.47
764,"CA-2024-1381","2024-11-08","2024-11-10","Arthur Prichep","Consumer","United States","Jersey City","New Jersey","21895","East","Technology","Copiers","Hewlett Packard LaserJet Multifunction Copier",11936.47,6,0.0,5079.74
67,"CA-2024-1033","2024-11-09","2024-11-15","Pete Kriz","Consumer","United States","Fort Wayne","Indiana","52992","Central","Technology","Copiers","Canon ImageCLASS 2200 Advanced Copier",5124.83,4,0.2,1556.23
528,"CA-2024-1263","2024-11-09","2024-11-11","Patrick O'Donnell","Consumer","United States","Lafayette","Indiana","81568","Central","Technology","Phones","Samsung Galaxy S23 Ultra 512GB",1275.55,4,0.0,268.76
1158,"CA-2024-1578","2024-11-09","2024-11-14","Ken Lonsdale","Corporate","United States","New York City","New York","87646","East","Technology","Machines","HP DesignJet Large-Format Color Plotter",1677.67,3,0.1,346.13
267,"CA-2024-1133","2024-11-10","2024-11-13","Maria Etezadi","Home Office","United States","San Antonio","Texas","25023","Central","Technology","Accessories","Keychron Q1 Pro Custom Mechanical Keyboard",247.41,3,0.0,92.83
612,"CA-2024-1305","2024-11-10","2024-11-14","Dan Lawera","Consumer","United States","Newark","New Jersey","58318","East","Office Supplies","Storage","Adjustable Heavy-Duty Wire Shelving Unit",494.19,7,0.2,17.17
1175,"CA-2024-1587","2024-11-11","2024-11-16","Matt Abelman","Corporate","United States","Eugene","Oregon","21988","West","Furniture","Furnishings","Eldon Expressions Wood Desk Accessories",98.63,1,0.0,36.47
49,"CA-2024-1024","2024-11-12","2024-11-16","Sean O'Donnell","Consumer","United States","Milwaukee","Wisconsin","44816","Central","Technology","Accessories","Dell UltraSharp 32-inch 4K Monitor",505.62,4,0.0,167.71
109,"CA-2024-1054","2024-11-12","2024-11-18","Denny Ward","Consumer","United States","Columbus","Ohio","19666","East","Furniture","Tables","BPI Wood Laminate Conference Table 96x42",2271.95,8,0.5,-1695.25
215,"CA-2024-1107","2024-11-12","2024-11-17","Lena Creighton","Consumer","United States","Madison","Wisconsin","97574","Central","Office Supplies","Binders","Wilson Jones Continuous Form Binder",4.99,1,0.8,-10.23
1195,"CA-2024-1597","2024-11-12","2024-11-15","Claire Gute","Consumer","United States","Virginia Beach","Virginia","27836","South","Furniture","Bookcases","Sauder Heritage Hill 5-Shelf Bookcase",222.59,2,0.15,5.51
14,"CA-2024-1006","2024-11-14","2024-11-17","Steve Nguyen","Home Office","United States","Portland","Oregon","62565","West","Furniture","Bookcases","Bush Somerset Collection Bookcase",537.91,4,0.15,20.97
336,"CA-2024-1167","2024-11-14","2024-11-17","Denny Ward","Corporate","United States","Green Bay","Wisconsin","28102","Central","Furniture","Chairs","Harbour Creations Executive Chair",1503.15,3,0.1,293.56
703,"CA-2024-1351","2024-11-14","2024-11-19","Sanjit Chand","Corporate","United States","Tucson","Arizona","87151","West","Office Supplies","Binders","Wilson Jones Continuous Form Binder",775.77,7,0.0,230.9
899,"CA-2024-1449","2024-11-14","2024-11-19","Claire Gute","Consumer","United States","Worcester","Massachusetts","26794","East","Office Supplies","Fasteners","Staples Box Binder Clips",102.39,3,0.0,35.65
39,"CA-2024-1019","2024-11-15","2024-11-18","Harold Pawlan","Home Office","United States","Indianapolis","Indiana","11658","Central","Technology","Phones","Samsung Galaxy S23 Ultra 512GB",4453.9,9,0.1,769.96
362,"CA-2024-1180","2024-11-15","2024-11-19","Ken Lonsdale","Corporate","United States","Nashville","Tennessee","52567","South","Furniture","Chairs","Novimex Swivel Mesh Task Chair",3156.01,5,0.2,137.64
931,"CA-2024-1465","2024-11-15","2024-11-19","Ken Black","Home Office","United States","Milwaukee","Wisconsin","95704","Central","Technology","Accessories","Logitech Wireless Gaming Headset G930",443.72,4,0.2,48.46
1061,"CA-2024-1530","2024-11-15","2024-11-21","Irene Maddox","Consumer","United States","Allentown","Pennsylvania","41191","East","Furniture","Bookcases","O'Sullivan 2-Shelf Adjustable Bookcase",195.32,3,0.35,-64.71
62,"CA-2024-1030","2024-11-16","2024-11-22","Zuschuss Donatelli","Consumer","United States","Madison","Wisconsin","55293","Central","Technology","Phones","Google Pixel 8 Pro 256GB",2897.31,5,0.2,85.82
356,"CA-2024-1177","2024-11-16","2024-11-19","Lena Creighton","Consumer","United States","Fort Worth","Texas","68166","Central","Office Supplies","Paper","Xerox 1967",289.03,6,0.0,125.89
771,"CA-2024-1385","2024-11-16","2024-11-21","Barry Pond","Corporate","United States","Portland","Oregon","88241","West","Office Supplies","Paper","Xerox 1980 High Performance Color Paper",293.71,6,0.1,112.25
185,"CA-2024-1092","2024-11-17","2024-11-19","Lena Creighton","Consumer","United States","Paterson","New Jersey","12187","East","Office Supplies","Appliances","Hamilton Beach Commercial Toaster",1086.63,3,0.0,373.89
856,"CA-2024-1427","2024-11-17","2024-11-21","Darrin Van Huff","Corporate","United States","Phoenix","Arizona","10610","West","Technology","Copiers","Canon ImageCLASS 2200 Advanced Copier",2408.82,3,0.0,1199.04
1071,"CA-2024-1535","2024-11-17","2024-11-21","Raymond Buch","Home Office","United States","Lafayette","Indiana","14692","Central","Technology","Phones","Apple iPhone 15 Pro Max 256GB",717.59,2,0.2,60.79
387,"CA-2024-1193","2024-11-21","2024-11-25","Carlos Soltero","Home Office","United States","Louisville","Kentucky","60956","South","Furniture","Bookcases","Sauder Heritage Hill 5-Shelf Bookcase",228.74,1,0.35,-53.81
798,"CA-2024-1398","2024-11-22","2024-11-24","Odella Nelson","Corporate","United States","Philadelphia","Pennsylvania","78697","East","Office Supplies","Art","Prismacolor Premiere Colored Pencils 72-Set",194.6,6,0.0,76.65
33,"CA-2024-1016","2024-11-23","2024-11-26","Andrew Allen","Consumer","United States","Fort Wayne","Indiana","85456","Central","Office Supplies","Labels","Avery 5160 Easy Peel Address Labels",184.95,7,0.0,80.26
492,"CA-2024-1245","2024-11-23","2024-11-29","Bill Stewart","Consumer","United States","Nashville","Tennessee","24461","South","Technology","Accessories","Bose QuietComfort 45 Headphones",1119.19,6,0.2,94.87
867,"CA-2024-1433","2024-11-23","2024-11-28","Alejandro Grove","Consumer","United States","New York City","New York","99247","East","Furniture","Chairs","Global High Back Tilter Chair",445.36,2,0.2,14.38
174,"CA-2024-1086","2024-11-24","2024-11-27","Ruben Dartt","Consumer","United States","Eugene","Oregon","55957","West","Office Supplies","Art","Fiskars Recycled Scissors",76.26,2,0.2,12.15
352,"CA-2024-1175","2024-11-24","2024-11-27","Sonia Cooley","Consumer","United States","Orlando","Florida","18891","South","Office Supplies","Envelopes","Tyvek Tear-Proof Expandable Envelopes",40.23,1,0.0,16.81
868,"CA-2024-1433","2024-11-24","2024-11-30","Linda Cazamias","Corporate","United States","Chicago","Illinois","71467","Central","Office Supplies","Binders","Avery Non-Stick Heavy Duty Ring Binders",925.23,9,0.0,268.47
1072,"CA-2024-1535","2024-11-24","2024-11-26","Patrick O'Donnell","Consumer","United States","Cleveland","Ohio","13436","East","Office Supplies","Fasteners","OIC Steel Paper Clips",138.64,4,0.0,65.77
1198,"CA-2024-1598","2024-11-24","2024-11-26","Delfina Latchford","Corporate","United States","Allentown","Pennsylvania","94808","East","Technology","Phones","Apple iPhone 14 128GB Midnight",2208.06,4,0.0,758.72
624,"CA-2024-1311","2024-11-25","2024-11-30","Sanjit Engle","Corporate","United States","Naperville","Illinois","42118","Central","Furniture","Bookcases","Atlantic Magazine Storage Shelf Rack",331.7,3,0.0,55.56
625,"CA-2024-1312","2024-11-25","2024-11-28","Roy Skaria","Corporate","United States","Madison","Wisconsin","89190","Central","Technology","Copiers","Sharp AL-1530CS Digital Copier",1287.51,1,0.0,480.74
1192,"CA-2024-1595","2024-11-25","2024-11-30","Chuck Clark","Home Office","United States","Allentown","Pennsylvania","74327","East","Furniture","Tables","Balt Solid Wood Workstation Training Table",2650.96,6,0.45,-1918.09
860,"CA-2024-1429","2024-11-26","2024-12-01","Sean O'Donnell","Consumer","United States","Henderson","Kentucky","81615","South","Technology","Phones","Polycom SoundPoint Pro SE-225 Phone",1143.13,2,0.2,68.7
392,"CA-2024-1195","2024-11-27","2024-11-30","Delfina Latchford","Consumer","United States","Seattle","Washington","33516","West","Technology","Machines","Zebra GX430t Thermal Direct Desktop Printer",1355.55,1,0.0,219.74
819,"CA-2024-1409","2024-11-27","2024-12-02","Darrin Van Huff","Corporate","United States","Newark","New Jersey","22170","East","Office Supplies","Supplies","Helix Stainless Steel Ruler",65.24,4,0.0,23.23
27,"CA-2024-1013","2024-11-28","2024-12-01","Emily Phan","Consumer","United States","Henderson","Kentucky","66346","South","Furniture","Tables","BPI Wood Laminate Conference Table 96x42",4936.73,9,0.3,-1548.81
297,"CA-2024-1148","2024-11-28","2024-12-04","Kelly Lampkin","Corporate","United States","Columbus","Georgia","72460","South","Technology","Phones","Google Pixel 8 Pro 256GB",1320.08,2,0.1,159.88
315,"CA-2024-1157","2024-11-28","2024-12-04","Sandra Flanagan","Consumer","United States","Madison","Wisconsin","80989","Central","Technology","Accessories","Logitech Wireless Gaming Headset G930",553.48,9,0.1,119.52
911,"CA-2024-1455","2024-11-28","2024-11-30","Sean O'Donnell","Consumer","United States","Seattle","Washington","76735","West","Technology","Machines","Bady Automated Thermal Label Printer",5482.51,6,0.2,255.2
312,"CA-2024-1155","2024-12-01","2024-12-04","Craig Carreira","Consumer","United States","Portland","Oregon","42600","West","Furniture","Bookcases","O'Sullivan 2-Shelf Adjustable Bookcase",2727.54,8,0.0,382.26
539,"CA-2024-1269","2024-12-01","2024-12-04","Ken Black","Corporate","United States","Naperville","Illinois","20031","Central","Technology","Accessories","Logitech MX Master 3S Wireless Mouse",1564.69,7,0.1,404.95
244,"CA-2024-1121","2024-12-02","2024-12-04","Gene Hale","Corporate","United States","Mesa","Arizona","66734","West","Technology","Accessories","SanDisk Ultra 128GB MicroSDXC UHS-I",879.64,6,0.0,310.72
349,"CA-2024-1174","2024-12-02","2024-12-04","Tom Prescott","Consumer","United States","Milwaukee","Wisconsin","53150","Central","Office Supplies","Envelopes","Self-Seal White Catalog Envelopes #10",154.47,5,0.0,47.02
977,"CA-2024-1488","2024-12-04","2024-12-09","Harry Marie","Corporate","United States","Aurora","Illinois","95654","Central","Office Supplies","Paper","Xerox 1980 High Performance Color Paper",197.85,8,0.0,75.53
992,"CA-2024-1495","2024-12-04","2024-12-10","Tom Prescott","Consumer","United States","Philadelphia","Pennsylvania","83067","East","Technology","Machines","Star Micronics TSP143III Receipt Printer",1765.64,2,0.4,-406.98
538,"CA-2024-1268","2024-12-05","2024-12-09","Mick Brown","Consumer","United States","Newark","New Jersey","61583","East","Furniture","Furnishings","Deflect-o Desk Pad",777.58,7,0.0,181.19
574,"CA-2024-1286","2024-12-05","2024-12-08","Carlos Soltero","Consumer","United States","Houston","Texas","61257","Central","Technology","Machines","HP DesignJet Large-Format Color Plotter",4676.61,7,0.4,-790.76
171,"CA-2024-1085","2024-12-06","2024-12-11","Dan Lawera","Consumer","United States","Columbus","Ohio","57059","East","Office Supplies","Storage","Adjustable Heavy-Duty Wire Shelving Unit",412.56,3,0.0,104.84
906,"CA-2024-1452","2024-12-06","2024-12-12","Alejandro Grove","Consumer","United States","Los Angeles","California","82106","West","Office Supplies","Envelopes","Redi-Seal Security Tint Envelopes",69.1,6,0.1,26.59
2,"CA-2024-1000","2024-12-07","2024-12-10","Delfina Latchford","Consumer","United States","Tacoma","Washington","22156","West","Office Supplies","Appliances","Honeywell True HEPA Air Purifier HPA300",479.0,3,0.0,152.92
13,"CA-2024-1006","2024-12-07","2024-12-09","Harold Pawlan","Home Office","United States","Madison","Wisconsin","42591","Central","Office Supplies","Labels","Self-Adhesive Address Labels for Laser Printers",27.14,1,0.0,9.44
233,"CA-2024-1116","2024-12-07","2024-12-10","Denny Ward","Consumer","United States","Fort Lauderdale","Florida","14944","South","Technology","Machines","Epson WorkForce Pro WF-C5790",5703.81,7,0.0,1264.02
253,"CA-2024-1126","2024-12-07","2024-12-11","Tamara Chand","Corporate","United States","Philadelphia","Pennsylvania","76046","East","Technology","Copiers","Canon imageRUNNER ADVANCE C5535i Copier",7404.81,3,0.0,3313.75
390,"CA-2024-1194","2024-12-07","2024-12-09","Sandra Flanagan","Consumer","United States","Aurora","Illinois","87984","Central","Technology","Accessories","Bose QuietComfort 45 Headphones",337.32,2,0.2,27.8
1180,"CA-2024-1589","2024-12-07","2024-12-11","Delfina Latchford","Consumer","United States","Boston","Massachusetts","15101","East","Office Supplies","Envelopes","Self-Seal White Catalog Envelopes #10",330.2,7,0.1,137.88
134,"CA-2024-1066","2024-12-08","2024-12-13","Justin Deggeller","Corporate","United States","Allentown","Pennsylvania","18094","East","Technology","Phones","Polycom SoundPoint Pro SE-225 Phone",4957.77,8,0.0,1260.6
283,"CA-2024-1141","2024-12-09","2024-12-15","Pauline Chand","Consumer","United States","Milwaukee","Wisconsin","50193","Central","Office Supplies","Envelopes","Redi-Seal Security Tint Envelopes",76.09,3,0.0,29.75
593,"CA-2024-1296","2024-12-09","2024-12-13","Matt Abelman","Home Office","United States","Tucson","Arizona","16672","West","Furniture","Chairs","Herman Miller Aeron Ergonomic Office Chair",651.1,2,0.2,-1.08
662,"CA-2024-1330","2024-12-09","2024-12-13","Justin Deggeller","Corporate","United States","Tucson","Arizona","59008","West","Office Supplies","Labels","Dot Matrix Heavy Duty Labels",216.53,5,0.0,80.32
1138,"CA-2024-1568","2024-12-09","2024-12-15","Pauline Chand","Consumer","United States","Cleveland","Ohio","52903","East","Technology","Machines","HP DesignJet Large-Format Color Plotter",6816.55,9,0.0,1341.85
44,"CA-2024-1021","2024-12-10","2024-12-14","Gene Hale","Corporate","United States","Boston","Massachusetts","23176","East","Technology","Accessories","Keychron Q1 Pro Custom Mechanical Keyboard",697.68,4,0.1,148.43
701,"CA-2024-1350","2024-12-10","2024-12-12","Patrick O'Donnell","Consumer","United States","Norfolk","Virginia","23639","South","Technology","Phones","Polycom SoundPoint Pro SE-225 Phone",7300.96,8,0.0,1756.43
873,"CA-2024-1436","2024-12-10","2024-12-16","Valerie Mitchum","Home Office","United States","Paterson","New Jersey","39339","East","Office Supplies","Appliances","Fellowes Powershred 99Ci Paper Shredder",2689.2,8,0.2,134.15
892,"CA-2024-1445","2024-12-10","2024-12-13","Sandra Flanagan","Consumer","United States","Pittsburgh","Pennsylvania","42892","East","Technology","Copiers","Canon imageCLASS MF743Cdw All-in-One",10466.27,7,0.1,3405.15
80,"CA-2024-1039","2024-12-11","2024-12-14","Lena Creighton","Consumer","United States","Lafayette","Indiana","45665","Central","Furniture","Bookcases","Sauder Heritage Hill 5-Shelf Bookcase",1092.16,3,0.0,138.13
248,"CA-2024-1123","2024-12-12","2024-12-14","Tracy Blumstein","Consumer","United States","Lafayette","Indiana","10287","Central","Technology","Machines","HP DesignJet Large-Format Color Plotter",3145.16,8,0.1,572.76
834,"CA-2024-1416","2024-12-13","2024-12-19","Anthony Jacobs","Corporate","United States","Atlanta","Georgia","37361","South","Technology","Copiers","Canon ImageCLASS 2200 Advanced Copier",2454.52,2,0.0,1063.7
385,"CA-2024-1192","2024-12-14","2024-12-19","Sanjit Engle","Consumer","United States","Phoenix","Arizona","53704","West","Furniture","Furnishings","Deflect-o Desk Pad",138.1,2,0.1,41.17
498,"CA-2024-1248","2024-12-16","2024-12-22","Delfina Latchford","Home Office","United States","Green Bay","Wisconsin","60070","Central","Furniture","Furnishings","Eldon Expressions Wood Desk Accessories",343.99,6,0.1,66.77
978,"CA-2024-1488","2024-12-16","2024-12-21","Matt Abelman","Home Office","United States","Detroit","Michigan","29356","Central","Furniture","Furnishings","Seth Thomas Executive Wall Clock",71.04,3,0.0,14.96
558,"CA-2024-1278","2024-12-17","2024-12-19","Bill Stewart","Corporate","United States","Raleigh","North Carolina","63950","South","Office Supplies","Storage","Iris Plastic Utility Storage Bins",1977.46,9,0.1,320.65
1092,"CA-2024-1545","2024-12-17","2024-12-19","Zuschuss Carroll","Consumer","United States","Cambridge","Massachusetts","59664","East","Office Supplies","Appliances","Honeywell True HEPA Air Purifier HPA300",1554.96,6,0.1,266.99
152,"CA-2024-1075","2024-12-19","2024-12-22","Hunter Lopez","Consumer","United States","Los Angeles","California","20837","West","Office Supplies","Fasteners","OIC Steel Paper Clips",280.62,9,0.0,114.31
1178,"CA-2024-1588","2024-12-19","2024-12-25","Denny Ward","Consumer","United States","Atlanta","Georgia","91842","South","Technology","Copiers","Canon imageRUNNER ADVANCE C5535i Copier",16817.48,8,0.0,6929.02
902,"CA-2024-1450","2024-12-20","2024-12-24","Andrew Allen","Consumer","United States","Worcester","Massachusetts","56683","East","Furniture","Tables","Bretford CR4500 Series Slim Rectangular Table",1788.53,8,0.4,-854.59
969,"CA-2024-1484","2024-12-20","2024-12-24","Roy Skaria","Corporate","United States","Lafayette","Indiana","78163","Central","Technology","Copiers","Canon imageRUNNER ADVANCE C5535i Copier",7664.52,9,0.2,2417.13
482,"CA-2024-1240","2024-12-21","2024-12-27","Carlos Soltero","Consumer","United States","Tacoma","Washington","10863","West","Office Supplies","Appliances","Cuisinart Microwave Oven w/ Grill",551.57,2,0.3,-18.06
805,"CA-2024-1402","2024-12-21","2024-12-27","Sandra Flanagan","Consumer","United States","Pittsburgh","Pennsylvania","37563","East","Technology","Copiers","Canon imageRUNNER ADVANCE C5535i Copier",11535.76,9,0.2,3644.03
808,"CA-2024-1403","2024-12-21","2024-12-24","Barry Pond","Corporate","United States","Seattle","Washington","52688","West","Technology","Copiers","Canon imageRUNNER ADVANCE C5535i Copier",4537.37,6,0.1,1583.66
1058,"CA-2024-1528","2024-12-21","2024-12-24","Brosina Hoffman","Consumer","United States","Cambridge","Massachusetts","68854","East","Furniture","Furnishings","Deflect-o Desk Pad",639.07,8,0.0,172.76
842,"CA-2024-1420","2024-12-22","2024-12-24","Eric Hoffmann","Consumer","United States","Salt Lake City","Utah","56186","West","Office Supplies","Fasteners","Staples Box Binder Clips",413.75,8,0.0,136.83
472,"CA-2024-1235","2024-12-23","2024-12-28","Zuschuss Carroll","Consumer","United States","Savannah","Georgia","24668","South","Technology","Copiers","Sharp AL-1530CS Digital Copier",4744.9,5,0.0,1756.88
1030,"CA-2024-1514","2024-12-24","2024-12-27","Bill Stewart","Corporate","United States","Madison","Wisconsin","38032","Central","Furniture","Bookcases","Sauder Heritage Hill 5-Shelf Bookcase",1659.69,7,0.35,-543.96
753,"CA-2024-1376","2024-12-25","2024-12-30","Tamara Chand","Corporate","United States","Fort Wayne","Indiana","28728","Central","Technology","Phones","Polycom SoundPoint Pro SE-225 Phone",3307.51,4,0.1,888.71
1114,"CA-2024-1556","2024-12-25","2024-12-27","Carlos Soltero","Home Office","United States","Phoenix","Arizona","24179","West","Technology","Phones","Apple iPhone 15 Pro Max 256GB",3380.6,6,0.0,751.24
175,"CA-2024-1087","2024-12-26","2024-12-31","Ken Black","Corporate","United States","Philadelphia","Pennsylvania","47923","East","Technology","Copiers","Canon imageCLASS MF743Cdw All-in-One",9073.29,5,0.0,3404.81
965,"CA-2024-1482","2024-12-27","2024-12-29","Darrin Van Huff","Corporate","United States","Aurora","Illinois","16673","Central","Office Supplies","Appliances","Hamilton Beach Commercial Toaster",1333.52,8,0.2,104.1
43,"CA-2024-1021","2024-12-28","2024-12-30","Irene Maddox","Consumer","United States","Louisville","Kentucky","56112","South","Office Supplies","Appliances","Fellowes Powershred 99Ci Paper Shredder",1990.38,9,0.2,187.39
195,"CA-2024-1097","2024-12-28","2024-12-30","Tracy Blumstein","Consumer","United States","Lexington","Kentucky","19808","South","Office Supplies","Art","Sanford Liquid Accent Highlighters",59.04,2,0.1,20.17
951,"CA-2024-1475","2024-12-30","2025-01-02","Maria Etezadi","Home Office","United States","Jacksonville","Florida","12715","South","Office Supplies","Binders","Fellowes Binding Combs 3/8in",607.53,7,0.1,171.99
963,"CA-2024-1481","2024-12-30","2025-01-02","Barry Pond","Consumer","United States","Allentown","Pennsylvania","66804","East","Furniture","Tables","Balt Solid Wood Workstation Training Table",178.16,1,0.6,-204.46
796,"CA-2024-1397","2024-12-31","2025-01-04","Zuschuss Donatelli","Consumer","United States","Allentown","Pennsylvania","29446","East","Office Supplies","Fasteners","Swingline Heavy-Duty Desk Stapler",26.16,4,0.0,8.43